year,brand,superbowl_ads_dot_com_url,youtube_url,funny,show_product_quickly,patriotic,celebrity,danger,animals,use_sex,id,kind,etag,view_count,like_count,dislike_count,favorite_count,comment_count,published_at,title,description,thumbnail,channel_title,category_id,index,sentiment_type,sentiment_score
2018,Toyota,https://superbowl-ads.com/good-odds-toyota/,https://www.youtube.com/watch?v=zeBZvwYQ-hA,False,False,False,False,False,False,False,zeBZvwYQ-hA,youtube#video,rn-ggKNly38Cl0C3CNjNnUH9xUw,173929.0,1233.0,38.0,0.0,,2018-02-03T11:29:14Z,Toyota Super Bowl Commercial 2018 Good Odds,"Toyota Super Bowl Commercial 2018 Good Odds. You can watch Toyota Super Bowl 2018 commercial. Toyota has aired its Super Bowl commercial named as Good Odds. The odds of winning a Paralympic gold medal are almost 1 billion to 1. This film follows the journey of Lauren Woolstencroft, who beat the odds to win eight Paralympic gold medals.Toyot is one of the advertiser of Super Bowl 52.

Toyota Super Bowl commercial 2018

#toyota

https://www.youtube.com/channel/UChZGob5aWTeZreuP2hzIq7A",https://i.ytimg.com/vi/zeBZvwYQ-hA/sddefault.jpg,Funny Commercials,1.0,0,compound,0.9887
2020,Bud Light,https://superbowl-ads.com/2020-bud-light-seltzer-inside-posts-brain/,https://www.youtube.com/watch?v=nbbp0VW7z8w,True,True,False,True,True,False,False,nbbp0VW7z8w,youtube#video,1roDoK-SYqSpqYwKbYrMH0jEJQ4,47752.0,485.0,14.0,0.0,14.0,2020-01-31T21:04:13Z,Bud Light: Post Malone #PostyStore Inside Post's Brain,"Bud Light, Post Malone ""#PostyStore Inside Post's Brain""

Garrick Sheldon (Copywriting, 2014)
Wieden + Kennedy
New York, NY

The VCU Brandcenter is a two-year, full-time master's program focused on developing the best creative problem-solvers in the world of brands. The program saw a record number of alumni ads in the 2020 Super Bowl: 26 alums contributed to 18 different spots, representing global brands like McDonald's, Facebook, Bud Light, and more. Read more here: http://bit.ly/BCSuperBowlWatch

Learn more about the Brandcenter: http://www.brandcenter.vcu.edu 

Follow the Brandcenter on other social media platforms:
 • Facebook (http://www.facebook.com/VCUBrandcenter)
 • Twitter (http://www.twitter.com/VCU_Brandcenter)
 • Instagram (http://www.instagram.com/vcu_brandcenter/)
 • LinkedIn (http://www.linkedin.com/school/1095073/admin/)",https://i.ytimg.com/vi/nbbp0VW7z8w/sddefault.jpg,VCU Brandcenter,27.0,1,compound,0.9468
2006,Bud Light,https://superbowl-ads.com/2006-bud-light-bear-attack/,https://www.youtube.com/watch?v=yk0MQD5YgV8,True,False,False,False,True,True,False,yk0MQD5YgV8,youtube#video,OHiDfHTB3kilXfN8W0VTH0nwUIg,142310.0,129.0,15.0,0.0,9.0,2006-02-06T10:02:36Z,"Super Bowl 2006: Bud Light ""Save Yourself""",Bud Light Super Bowl commercial where two guys camping encounter a bear.,,John Keehler,17.0,2,compound,0.5994
2018,Hynudai,https://superbowl-ads.com/hope-detector-nfl-super-bowl-lii-hyundai/,https://www.youtube.com/watch?v=lNPccrGk77A,False,True,False,False,False,False,False,lNPccrGk77A,youtube#video,G9Dhby9Xe1UpnfcIrHmcnZYRCFI,198.0,2.0,0.0,0.0,0.0,2018-03-09T15:40:18Z,Hyundai / Hope Detector (2018),"TV or Web Commercial,  shot on location in MN with a non-union crew and contract, 2018. This commercial is uploaded under fair usage as an example of the Film & TV industry in MN.",,IATSE 490,22.0,3,compound,0.3182
2003,Bud Light,https://superbowl-ads.com/2003-bud-light-hermit-crab/,https://www.youtube.com/watch?v=ovQYgnXHooY,True,True,False,False,True,True,True,ovQYgnXHooY,youtube#video,acsuYsFFQ_gHCC060Wus0tTgLjM,13741.0,20.0,3.0,0.0,2.0,2006-07-18T04:53:42Z,bud light pick up,"see how a dude tries to pick up babes at a beach, but end up being pinched by a hermit crab! he tried to follow what another guy did.",,jassymei,24.0,4,compound,0.0
2020,Toyota,https://superbowl-ads.com/2020-toyota-go-places-with-cobie-smulders/,https://www.youtube.com/watch?v=f34Ji70u3nk,True,True,False,True,True,True,False,f34Ji70u3nk,youtube#video,_UAuS0SlCytmE2NGd6u5pfaYhnA,23636.0,115.0,11.0,0.0,13.0,2020-02-02T21:21:27Z,Toyota Super Bowl Commercial 2020 Cobie Smulders Heroes,"Toyota Super Bowl Commercial 2020 Cobie Smulders Heroes. You can watch Toyota Super Bowl commercial 2020 featuring Cobie Smulders and Thomas Barbusca. Toyota is one of the advertiser of Super Bowl 2020 and made a commercial for 2020 Toyota Highlander. It is a funny commercial will be featured during Big Game LIV.


Toyota Super Bowl Commercial 2020 



#toyota
#superbowl2020commercial


https://www.youtube.com/channel/UChZGob5aWTeZreuP2hzIq7A",https://i.ytimg.com/vi/f34Ji70u3nk/sddefault.jpg,Funny Commercials,1.0,5,compound,0.9712
2020,Coca-Cola,https://superbowl-ads.com/2020-coca-cola-energy-show-up/,https://www.youtube.com/watch?v=-gAZRN3SCBw,True,False,False,True,False,True,False,-gAZRN3SCBw,youtube#video,LRbAaDE85lzivsHVvIEbZei9IPk,304254.0,1470.0,384.0,0.0,227.0,2020-01-31T14:58:00Z,Coca-Cola Energy - Show Up ft. Jonah Hill & Martin Scorsese,"Apparently, no-one is safe from being flaked out on. Not even the great Martin Scorsese.",https://i.ytimg.com/vi/-gAZRN3SCBw/sddefault.jpg,Coca-Cola,24.0,6,compound,-0.1012
2020,Kia,https://superbowl-ads.com/2020-kia-tough-never-quits/,https://www.youtube.com/watch?v=lMs79UXam9A,False,False,False,True,False,False,False,lMs79UXam9A,youtube#video,2zkpvY1vDyWdXLXKZ2DojJmUTD4,17892.0,78.0,6.0,0.0,6.0,2020-01-31T04:37:27Z,"Kia Seltos Super Bowl 2020 TV Commercial, 'Tough Never Quits'","The 2020 Super Bowl is almost here, and automakers are continuing to release their commercials ahead of the big game. Kia is the latest with an ad for the 2021 Kia Seltos, the automaker’s newest crossover offering. The Super Bowl commercial stars rookie running back Josh Jacobs from the Oakland Raiders. And it’s much more serious than the others that’ll air during the game.

The commercial has Jacobs returning to the streets of his hometown – Tulsa, Oklahoma – where he offers his younger self some much-needed advice and inspiration to overcome some serious challenges. Jacobs faced homelessness as a child, managing to climb from the streets of Tulsa to the NFL. Jacobs tells his younger self, “Josh, It’s going to be hard growing up homeless. But you got to believe in yourself,” and “Be tougher than the world around you.”

The U.S. version of the Kia Seltos debuted late last year at the Los Angeles Auto Show. The model actually debuted earlier in the year in India. The U.S. Seltos debuted with a unique front fascia and the mandatory amber side markers. Powered comes from one of two gasoline engines – a naturally aspirated 2.0-liter or a turbocharged 1.6-liter. The larger mill makes 146 horsepower (109 kilowatts) while the smaller engine produces 175 hp (130 kW).

The 2.0-liter pairs with an Intelligent Variable Transmission while the smaller engine gets the seven-speed dual-clutch automatic. All-wheel drive with a center locking differential is an available option.

The 2021 Kia Seltos is rumored to go on sale early next month in the U.S. with a starting price of just under $22,000, which is what Kia said the Seltos would start at. Europeans hoping for another new crossover to possibly purchase are out of luck. The new crossover won’t hit Kia dealerships in Europe.",https://i.ytimg.com/vi/lMs79UXam9A/sddefault.jpg,TIMECAR,2.0,7,compound,-0.908
2020,Hynudai,https://superbowl-ads.com/2020-hyundai-smaht-pahk/,https://www.youtube.com/watch?v=WBvkmWDjsYc,True,True,False,True,False,True,False,WBvkmWDjsYc,youtube#video,xs3x7jAifrHDAEAxxGnbKaySd3s,38385.0,342.0,7.0,0.0,30.0,2021-01-27T13:11:29Z,Hyundai: Super Bowl Commercial - Smaht Pahk,Reclame voor Hyundai,https://i.ytimg.com/vi/WBvkmWDjsYc/sddefault.jpg,ReclameArchief,24.0,8,compound,0.0
2020,Budweiser,https://superbowl-ads.com/2020-budweiser-typical-american/,https://www.youtube.com/watch?v=J0xugdotpp8,False,True,True,True,True,False,False,J0xugdotpp8,youtube#video,LtNOKI6-s1R9-Badkl-oQpiKTuU,782.0,7.0,0.0,0.0,0.0,2020-01-24T14:04:00Z,Budweiser - Typical American,"Anunciante: Budweiser
Agencia: DAVID Miami
Dirección: Kathryn Bigelow",https://i.ytimg.com/vi/J0xugdotpp8/sddefault.jpg,DossierNet,24.0,9,compound,0.0
2010,Hynudai,https://superbowl-ads.com/hd-2010-super-bowl-commercial-new-hyundai-super-bowl-44-xliv-ad-hyundai-body-pass-2011-sonata/,https://www.youtube.com/watch?v=dWQqIeAYfK8,False,True,True,False,False,False,False,dWQqIeAYfK8,youtube#video,Cr_aDDEGFI5hUkiLyyvlzeHdbZA,68458.0,46.0,14.0,0.0,8.0,2010-02-04T19:28:02Z,[HD] 2010 Super Bowl Commercial | New Hyundai Super Bowl 44 XLIV Ad | Hyundai Body Pass 2011 Sonata,"Hyundai is the biggest spender in the 2010 Super Bowl 44 XLIV game!  One might think that each Hyundai Sonata was made by hand and gently carried out of the factory. Hyundai outspent other advertisers, such as Pepsi, GoDaddy, Doritos, Coca-Cola, Monster, CareerBuilder, E-Trade, and many more! This commercial is sure to become a Super Bowl classic!

WATCH THIS VIDEO IN HD 720p RESOLUTION!!!

For more Hyundai Super Bowl commercials, please visit http://www.HyundaiSuperBowl.com.

For more information on Hyundai models, such as the Hyundai Sonata, Hyundai Tucson, Hyundai Genesis, and more, please visit http://www.worldhyundaimtteson.com.

http://www.worldhyundaimatteson.com
http://www.facebook.com/worldhyundai
http://www.twitter.com/worldhyundaiusa
http://www.worldhyundaiblog.com
http://www.hyundaisuperbowl.com

World Hyundai Matteson is Chicago's leading dealer of new and used Hyundais. World Hyundai has continued to exceed Hyundai USA's expectations in new vehicle sales. Our personnel are trained tirelessly in our philosophy as well as the Hyundai product itself. World Hyundai Matteson serves customers from all across Illinois and Indiana, including Chicago, Joliet, Tinley Park, Orland Park, Calumet City, Schaumburg, Countryside, Aurora, Naperville, Bourbonnais, Kankakee, Merrillville IN, and Highland IN.

World Hyundai Matteson
5337 Miller Circle
Matteson, IL 60443
(866) 583-9211
sales@worldhyundaimatteson.com

Visit our World Hyundai Community Page on NING!
http://www.myworldhyundai.com",,World Hyundai Matteson,24.0,10,compound,0.98
2010,Bud Light,https://superbowl-ads.com/hd-exclusive-bud-light-scientist-2010-superbowl-44-xliv-commercial-ad/,https://www.youtube.com/watch?v=agISXMN4tng,True,False,False,False,True,False,True,agISXMN4tng,youtube#video,VyZVw9QGnZAYlFVuJ-_c5anHnMc,3805.0,9.0,0.0,0.0,1.0,2010-02-08T04:17:09Z,[HD] Exclusive Bud Light Scientist 2010 SuperBowl 44 XLIV Commercial Ad,"[HD] Exclusive Bud Light Scientist 2010 SuperBowl 44 XLIV Commercial Ad Not too Heavy, Not too Light, alway Refreshing.

http://www.youtube.com/subscription_center?add_user=AllTimeBestVids
http://www.youtube.com/subscription_center?add_user=2010SuperBowlXLIV",,2010SuperBowlXLIV,24.0,11,compound,0.2168
2007,Budweiser,https://superbowl-ads.com/2007-budweiser-king-crab/,https://www.youtube.com/watch?v=7KHlMJE84eA,True,True,False,False,False,True,True,7KHlMJE84eA,youtube#video,CiUp57A5ZZYys09JzQhgHRZQ-ws,184689.0,133.0,24.0,0.0,13.0,2007-02-05T03:16:09Z,"2007 Super Bowl Commercials - Budweiser, King Crab","2007 Super Bowl Commercials - Budweiser, King Crab
NFL Ad",,viralstuff,24.0,12,compound,0.5994
2002,Budweiser,https://superbowl-ads.com/2002-budweiser-ground-zero-clydesdales-bow/,https://www.youtube.com/watch?v=1MZUvib98Rs,False,True,True,False,False,True,False,1MZUvib98Rs,youtube#video,GrUZweFfTUENdtc0G6y7Xl0pQcg,121400.0,642.0,10.0,0.0,50.0,2014-09-11T08:13:48Z,"Budweiser - Respect (2002, USA)","A controversial tribute to the victims of the 9/11 attacks by the Budweiser Clydesdales and Zack Snyder, who would years later vaporize a section of New York and send Superman crashing into buildings on purpose. This commercial only aired once at the Super Bowl, with a digitally modernized version released in 2011. A Believe Media production.",https://i.ytimg.com/vi/1MZUvib98Rs/sddefault.jpg,The Hall of Advertising,24.0,13,compound,-0.2732
2020,NFL,https://superbowl-ads.com/2020-nfl-next-100/,https://www.youtube.com/watch?v=lbkafMhmvMo,False,False,True,True,False,False,False,lbkafMhmvMo,youtube#video,GJ7PT7v2TCLH_na-2HG7nYXBEMI,26727063.0,175429.0,7445.0,0.0,8441.0,2020-02-03T00:21:31Z,NEXT 100  || NFL Super Bowl LIV Commercial,"A kick return 100 years in the making. Here’s to the next 100 and the game’s future stars! #NFLNext100 #SBLIV 

Subscribe to NFL: http://j.mp/1L0bVBu

Check out our other channels:
NFL Vault http://www.youtube.com/nflvault
NFL Network http://www.youtube.com/nflnetwork
NFL Films http://www.youtube.com/nflfilms
NFL Rush http://www.youtube.com/nflrush
NFL Play Football https://www.youtube.com/playfootball
NFL Podcasts https://www.youtube.com/nflpodcasts

#NFL #Football #AmericanFootball",https://i.ytimg.com/vi/lbkafMhmvMo/sddefault.jpg,NFL,17.0,14,compound,0.4003
2017,NFL,https://superbowl-ads.com/2017-nfl-super-bowl-51-li-tv-commercial-super-bowl-baby-legends/,https://www.youtube.com/watch?v=9csH_Hy-7A4,False,True,False,False,False,False,False,9csH_Hy-7A4,youtube#video,5ltssVIMP6r7pVEj0cGEGs3f4KE,865781.0,2315.0,130.0,0.0,162.0,2017-02-03T15:08:17Z,Super Bowl Baby Legends | Who’s Next? | Football is Family,"Past Super Bowl legends inspired the making of Super Bowl Babies. Who will be the inspiration this year? #SuperBowlBabies #SBLI
 
Music: Chicago “You’re The Inspiration”

Subscribe to NFL: http://j.mp/1L0bVBu

Start your free trial of NFL Game Pass: https://www.nfl.com/gamepass?campaign=sp-nf-gd-ot-yt-3000342

Sign up for Fantasy Football! http://www.nfl.com/fantasyfootball

The NFL YouTube channel is your home for immediate in-game highlights from your favorite teams and players, full NFL games, behind the scenes access and more!

Check out our other channels:
NFL Network http://www.youtube.com/nflnetwork
NFL Films http://www.youtube.com/nflfilms

For all things NFL, visit the league's official website at http://www.nfl.com/

Watch NFL Now: https://www.nfl.com/now
Listen to NFL podcasts: http://www.nfl.com/podcasts
Watch the NFL network: http://nflnonline.nfl.com/
Download the NFL mobile app: https://www.nfl.com/apps
2016 NFL Schedule: http://www.nfl.com/schedules
Buy tickets to watch your favorite team:  http://www.nfl.com/tickets
Shop NFL: http://www.nflshop.com/source/bm-nflcom-Header-Shop-Tab

Like us on Facebook: https://www.facebook.com/NFL
Follow us on Twitter: https://twitter.com/NFL
Follow us on Instagram: https://instagram.com/nfl/",https://i.ytimg.com/vi/9csH_Hy-7A4/sddefault.jpg,NFL,17.0,15,compound,0.9801
2005,Bud Light,https://superbowl-ads.com/2005-bud-light-parrot/,https://www.youtube.com/watch?v=-gTWA5AsTP8,True,True,False,False,True,True,True,-gTWA5AsTP8,youtube#video,21rIALjfdTQYX5Qb7o4-6w2ANzU,8990.0,29.0,0.0,0.0,3.0,2008-02-01T00:07:51Z,Bud Light Cockato ad,Funny as budd light,,PastaChefPictures,23.0,16,compound,0.4404
2009,Pepsi,https://superbowl-ads.com/2009-pepsi-max-im-good/,https://www.youtube.com/watch?v=qUZaSf7T7ig,True,False,False,False,True,False,False,qUZaSf7T7ig,youtube#video,N1MkFXKysCWQZTsLR3u4vxDUfuo,129399.0,345.0,12.0,0.0,42.0,2009-02-02T01:09:13Z,Pepsi Max - I'm Good Super Bowl XLIII Commercial 2009,"Pepsi Max - I'm Good
Super Bowl XLIII Commercial 2009

Honors:
2/2/09
#79 - Most Viewed (Today) - Comedy - Canada",,reggiep08v2,23.0,17,compound,0.9163
2004,Bud Light,https://superbowl-ads.com/2004-bud-light-frank/,https://www.youtube.com/watch?v=mjN3OY9Eefk,True,True,False,False,False,True,True,mjN3OY9Eefk,youtube#video,xGxW4TQMeg_h4QIxQADQaFk9FYQ,3739.0,115.0,1.0,0.0,59.0,2014-02-21T23:23:43Z,Frank the Monkey Bud Light,"I don't own the rights of this commercial, enjoy it",https://i.ytimg.com/vi/mjN3OY9Eefk/sddefault.jpg,Richard jrr.,23.0,18,compound,0.4939
2020,Doritos,https://superbowl-ads.com/2020-doritos-the-cool-ranch-with-lil-nas-x-and-sam-elliott/,https://www.youtube.com/watch?v=6xVnq31Vk8Y,True,True,False,True,True,True,False,6xVnq31Vk8Y,youtube#video,W8qRERQWe-bE_i8EswcP_ZRsqyo,1990447.0,10717.0,576.0,0.0,319.0,2020-01-29T17:28:54Z,"Doritos Super Bowl Commercial 2020 Lil Nas X, Sam Elliott The Cool Ranch","Doritos Super Bowl Commercial 2020 Lil Nas X, Sam Elliott The Cool Ranch Here is the commercial of Doritos for Super Bowl 2020. Lil Nas X and Sam Elliott have played in Super Bowl commercial of Doritos. It is one of the most popular advertiser of Big Game 2020. You can see the full verison of Doritos Super Bowl commercial 2020 featuring Sam Elliott and Lil Nas X. Doritos made a funny commercial for Super Bowl 2020 song by Lil Nas X - Old Town Road.


Doritos Super Bowl Commercial 2020


#doritossuperbowlcommercial
#superbowlcommercial2020


https://www.youtube.com/channel/UC_TmqZk7bYEWin22uHGRT9w",https://i.ytimg.com/vi/6xVnq31Vk8Y/sddefault.jpg,Commercials Funny,1.0,19,compound,0.9873
2007,Bud Light,https://superbowl-ads.com/2007-bud-light-slap/,https://www.youtube.com/watch?v=aOfRpCp6Pgw,True,True,False,False,True,False,False,aOfRpCp6Pgw,youtube#video,yMYg7XcZg0_qfZ-XFzGMk7_u7A8,72997.0,86.0,30.0,0.0,33.0,2008-09-06T18:41:39Z,Bud Light Slap,Super Bowl XLI Bud Light Commercial..Bud Light Slap...,,Rowmon42,23.0,20,compound,0.5994
2020,Pepsi,https://superbowl-ads.com/2020-pepsi-zero-sugar-done-right/,https://www.youtube.com/watch?v=Ozb_fJB_z6o,False,True,False,True,False,False,False,Ozb_fJB_z6o,youtube#video,IIag9pAYBMTTCiYKiVseTuPZVSc,29219.0,146.0,38.0,0.0,29.0,2020-01-30T18:32:01Z,Pepsi | Zero Sugar | SuperBowl Commercials 2020,"Pepsi provoca a Coca-Cola en su anuncio de la SuperBowl 2020.

👉Los mejores anuncios de la SuperBowl 2020: https://tinyurl.com/sh4l8ze
👉 Suscríbete a nuestro canal: https://tinyurl.com/wfeqm72

📍 Twitter https://twitter.com/telling_things 
📍 Instagram https://www.instagram.com/telling_things/

#SuperBowlCommercials #SuperBowl #Pepsi",https://i.ytimg.com/vi/Ozb_fJB_z6o/sddefault.jpg,Telling Things,24.0,21,compound,0.0
2019,Hynudai,https://superbowl-ads.com/2019-hyundai-shopper-assurance-the-elevator-with-jason-bateman/,https://www.youtube.com/watch?v=6mfJ0EsqLWs,True,False,True,True,False,False,False,6mfJ0EsqLWs,youtube#video,sGuPl2nEq364Qc_Jfrv3le7CBzI,38968.0,216.0,15.0,0.0,0.0,2019-01-30T15:31:08Z,Ad Meter 2019: Hyundai,"Jason Bateman stars in Hyundai's new Super Bowl ad which reminds us that there are plenty of unpleasant moments in life, but car buying doesn't have to be one. https:///
USA TODAY Super Bowl Ad Meter 2019 https:///  
Watch other Super Bowl Ads here: http://bit.ly/2UEjBqo
#AdMeter #AdMeter2019",https://i.ytimg.com/vi/6mfJ0EsqLWs/sddefault.jpg,USA TODAY,25.0,22,compound,0.9201
2009,Budweiser,https://superbowl-ads.com/2009-budweiser-clydesdales-generations/,https://www.youtube.com/watch?v=ukpnHh4eEeQ,False,True,True,False,False,True,False,ukpnHh4eEeQ,youtube#video,XSDCJ2fIvr8DTCyV1HM_Mha-lFw,302143.0,527.0,15.0,0.0,36.0,2009-02-02T02:09:00Z,Budweiser - Clydesdale Generations Super Bowl XLIII Commercial 2009,"A modern day Clydesdale reflects on his ancestry.

Budweiser Super Bowl XLIII Commercial

Honors:
2/2/09
#6 - Most Viewed (Today) - Comedy - Australia
#16 - Most Viewed (Today) - Comedy - Canada
#76 - Most Viewed (Today) - Comedy - United Kingdom
#78 - Most Viewed (Today) - Comedy - Ireland
#75 - Most Viewed (Today) - Comedy - India
#22 - Most Viewed (Today) - Comedy - New Zealand
#20 - Most Viewed (Today) - Comedy
#88 - Most Viewed (Today) - Comedy - Mexico
#45 - Most Viewed (Today) - Comedy - South Korea
#69 - Most Viewed (Today) - Comedy - Hong Kong
#33 - Top Favorited (Today) - Comedy",,reggiep08v2,23.0,23,compound,0.9911
2011,Kia,https://superbowl-ads.com/2011-kia-optima-one-epic-ride-super-bowl-xlv-commercial/,https://www.youtube.com/watch?v=8FMU5yPZgwM,True,True,False,False,True,False,True,8FMU5yPZgwM,youtube#video,6s03G781CUbWXN0ddpMkye6rUo0,36832.0,200.0,7.0,0.0,12.0,2011-02-04T18:09:52Z,Kia Optima - One Epic Ride,"This may be the American advert, but still a great way to showcase the future of Kia cars with the Optima",https://i.ytimg.com/vi/8FMU5yPZgwM/sddefault.jpg,Hendy Group,2.0,24,compound,-0.0387
2019,Doritos,https://superbowl-ads.com/2019-doritos-now-its-hot-with-chance-the-rapper-and-backstreet-boys/,https://www.youtube.com/watch?v=NvIcPAxZ39o,False,True,False,True,False,False,False,NvIcPAxZ39o,youtube#video,SCsSXxcBeks0g-UmBWpThHpPvuc,41828.0,683.0,14.0,0.0,46.0,2019-02-01T11:29:06Z,Doritos Super Bowl commercial with Chance the Rapper & Backstreet Boys,,https://i.ytimg.com/vi/NvIcPAxZ39o/sddefault.jpg,PatriotsNation,22.0,25,compound,0.0
2019,Pepsi,https://superbowl-ads.com/2019-pepsi-more-than-ok/,https://www.youtube.com/watch?v=64UH1_D95gQ,True,True,False,True,False,False,True,64UH1_D95gQ,youtube#video,XjMZdcvwA9VXVWfSFDrVhv3YKpQ,69050.0,773.0,37.0,0.0,65.0,2019-01-29T16:36:29Z,Pepsi: More Than OK,"Credits: https://goo.gl/iYnmKV
Join Us:
Facebook: https://www.facebook.com/aobpage/
Twitter: https://twitter.com/adsofbrands
Pinterest: https://www.pinterest.com/adsofbrands/
Instagram: https://www.instagram.com/adsofbrands/
Linkedin: https://www.linkedin.com/company/adsofbrands/",https://i.ytimg.com/vi/64UH1_D95gQ/sddefault.jpg,Ads of Brands,24.0,26,compound,0.5719
2013,Hynudai,https://superbowl-ads.com/video-2013-hyundai-sonata-turbo-super-bowl-xlvii-stuck/,https://www.youtube.com/watch?v=WTf0XGpINJI,True,True,False,False,True,True,False,WTf0XGpINJI,youtube#video,ZOAfGKG86kCX2g9xaGNJ9NQtbJQ,4302.0,22.0,0.0,0.0,2.0,2015-04-09T09:41:58Z,Hyundai Sonata Turbo Super Bowl Commercial 2013,,https://i.ytimg.com/vi/WTf0XGpINJI/sddefault.jpg,Hyundai Omsk Official,22.0,27,compound,0.0
2019,NFL,https://superbowl-ads.com/2019-nfl-nfl100/,https://www.youtube.com/watch?v=sl8ooTIMk2w,True,True,False,True,False,False,False,sl8ooTIMk2w,youtube#video,N4CdVrtuZUygK9qf9M0txMQF46A,77720.0,680.0,15.0,0.0,82.0,2019-02-04T01:29:56Z,Ad Meter 2019: NFL,"The NFL celebrates 100 years and the first female player in this 2019 Super Bowl ad. 
USA TODAY Super Bowl Ad Meter 2019 https:///  
Watch other Super Bowl Ads here: http://bit.ly/2UEjBqo
#AdMeter #AdMeter2019",,USA TODAY,25.0,28,compound,0.9468
2011,Coca-Cola,https://superbowl-ads.com/2011-coca-cola-border/,https://www.youtube.com/watch?v=Aw6-aXMBseo,False,False,False,False,False,False,False,Aw6-aXMBseo,youtube#video,4iKJaMgGAuyc5NM7x6JpWcr-cPI,113771.0,235.0,8.0,0.0,29.0,2011-02-07T01:08:44Z,Coca-Cola Border SUPER BOWL COMMERCIAL 2011, ,,Sammy 2Times,24.0,29,compound,0.0
2019,Pepsi,https://superbowl-ads.com/2019-pepsi-bubly-buble/,https://www.youtube.com/watch?v=I-_Uh-vZXgo,True,True,False,True,False,False,False,I-_Uh-vZXgo,youtube#video,P0LBkgvufopyfNnRKiXvewJXR6Q,128792.0,961.0,15.0,0.0,35.0,2019-02-01T11:29:56Z,Michael Buble vs Bubly Super Bowl 2019 Commercial,Visit our site: http://www.super-bowl-commercials.com,https://i.ytimg.com/vi/I-_Uh-vZXgo/sddefault.jpg,PatriotsNation,22.0,30,compound,0.0
2016,Hynudai,https://superbowl-ads.com/hyundai-2016-super-bowl-50-ad-chase/,https://www.youtube.com/watch?v=r_kXSO9Cph0,True,False,False,False,True,True,False,r_kXSO9Cph0,youtube#video,jzkvk_Q0W9MnMtHci7TmkuaEApI,5049.0,40.0,3.0,0.0,1.0,2016-02-01T17:25:21Z,Super Bowl 2016: Hyundai Chase Ad,"Technology can get you out of a jam, in this Super Bowl ad for Hyundai. 
Don’t miss a WSJ video, subscribe here: http://bit.ly/14Q81Xy

More from the Wall Street Journal: 
Visit WSJ.com: http://www.wsj.com
Visit the WSJ Video Center: https://wsj.com/video

On Facebook: https://www.facebook.com/pg/wsj/videos/
On Twitter: https://twitter.com/WSJ
On Snapchat: https://on.wsj.com/2ratjSM",https://i.ytimg.com/vi/r_kXSO9Cph0/sddefault.jpg,Wall Street Journal,24.0,31,compound,0.6155
2010,Bud Light,https://superbowl-ads.com/hd-exclusive-stranded-budweiser-2010-super-bowl-44-xliv-commercial-ad/,https://www.youtube.com/watch?v=zE7wyUmsM0k,True,False,False,False,False,False,False,zE7wyUmsM0k,youtube#video,H43QxzbOmuW-5UWT4OtCdf_g5qc,85454.0,120.0,3.0,0.0,24.0,2010-02-08T06:10:42Z,Bud Light Stranded Super Bowl Commercial 2010,"Bud Light  ""LOST"" parody Super Bowl Commercial 2010

My MySpace:
http://www.myspace.com/ebayneatstuff2008",,MistahSparkles70,24.0,32,compound,0.5994
2000,E-Trade,https://superbowl-ads.com/2000-etrade-monkey-dance/,https://www.youtube.com/watch?v=Muyq2kMDFoA,True,True,False,False,False,True,False,Muyq2kMDFoA,youtube#video,qUhlkwZjt1ean0daUEMw9V-I10E,9036.0,51.0,2.0,0.0,7.0,2018-02-10T11:23:48Z,"E*TRADE - Monkey (2000, USA)","""How would you waste $2 million on the Super Bowl?"" was was popped into the heads of the creatives behind this unusually groundbreaking Superbowl ad that lampooned the excessive cost and scope of advertising during a specific game. After hesitation, the agency and the company bought it, and it went on to receive a bunch of awards and recognition as one of the greatest Superbowl commercials of all time. Directed by Bryan Buckley at Hungry Man.",,The Hall of Advertising,23.0,33,compound,0.802
2001,Bud Light,https://superbowl-ads.com/2001-bud-light-otto/,https://www.youtube.com/watch?v=XJEYIR-Cai4,True,True,False,False,False,True,False,XJEYIR-Cai4,youtube#video,3Psgy5keyXOQ8mA6p4CsYlmBAIM,2801.0,9.0,0.0,0.0,1.0,2012-08-13T22:25:04Z,Bud Light Commercial from 2001 Otto the Obese Dog,An old commercial for Bud Light Beer from 2001 with Otto the Obese Dog.,,OldCommercials4u2,24.0,34,compound,0.0
2018,Doritos,https://superbowl-ads.com/2018-doritos-blaze-vs-mtn-dew-ice/,https://www.youtube.com/watch?v=rZh_CbcVe7M,True,True,False,True,False,False,False,rZh_CbcVe7M,youtube#video,BGW9k2HmdAF6FJY4u4FArAQa4Aw,23327.0,333.0,6.0,0.0,16.0,2018-02-01T07:35:24Z,Doritos Blaze VS Mountain Dew 2018 Super Bowl Commercial - Morgan Freeman,"Doritos Blaze VS Mountain Dew 2018 Super Bowl Commercial - Morgan Freeman
Please Like,Comment, and SUBSCRIBE!!",https://i.ytimg.com/vi/rZh_CbcVe7M/sddefault.jpg,2 Face,24.0,35,compound,0.8585
2001,Budweiser,https://superbowl-ads.com/2001-budweiser-what-are-you-doing/,https://www.youtube.com/watch?v=gtmJEt0w1k4,True,True,False,False,False,False,False,gtmJEt0w1k4,youtube#video,mnheu5fRiKhiULGez4H86lu3S2Y,50088.0,151.0,3.0,0.0,16.0,2014-09-09T17:44:59Z,2001 Commercial - Budweiser: What Are YOU Doing?,,https://i.ytimg.com/vi/gtmJEt0w1k4/sddefault.jpg,CatchTheTaste,17.0,36,compound,0.0
2018,Coca-Cola,https://superbowl-ads.com/life-is-short-have-a-diet-coke-because-i-can-diet-coke/,https://www.youtube.com/watch?v=be5DH6jQs38,False,True,False,True,False,False,False,be5DH6jQs38,youtube#video,kzDFwh9UbUXk5m0YXl0NYECLiEI,301.0,2.0,0.0,0.0,1.0,2018-04-04T10:35:34Z,"Life is Short, Have a Diet Coke   Because I Can Diet Coke",TheDiet Coke commercial getting flack from the media. What do you think?,https://i.ytimg.com/vi/be5DH6jQs38/sddefault.jpg,Tofe Lofe,22.0,37,compound,0.0
2013,Hynudai,https://superbowl-ads.com/video-hyundai-2013-super-bowl-xlvii-ad-epic-playdate/,https://www.youtube.com/watch?v=YyKVvAZSAug,False,False,False,False,False,True,False,YyKVvAZSAug,youtube#video,pARxexbsv7UQKpuIoP5GNZyq5u0,3667.0,7.0,2.0,0.0,1.0,2013-02-01T16:58:24Z,Super Bowl 2013 - Hyundai - Epic Playdate,"From the homemade submissions of Doritos fans to big ticket productions with friends like Kaley Cuoco and The Flaming Lips, here are the Super Bowl 2013 ads people are already talking about.

Check it out on http://caspost.com/",https://i.ytimg.com/vi/YyKVvAZSAug/sddefault.jpg,Caspost List,24.0,38,compound,0.8591
2004,Pepsi,https://superbowl-ads.com/2004-pepsi-bears-find-food/,https://www.youtube.com/watch?v=GzWUUZRli6s,True,False,False,False,False,True,False,GzWUUZRli6s,youtube#video,Mfq5gqL2-nlq6FRJqMV9jEN1tVI,179695.0,295.0,12.0,0.0,37.0,2006-12-02T03:34:04Z,Super Bowl XXXVIII Commercial - Pepsi Bears,"A pair of bears raid a cabin's fridge, only to discover it empty of the coveted beverage.  They don a guise, and try their hand at purchasing Pepsi at a  convenience store",,itsr00k,15.0,39,compound,0.34
2018,Kia,https://superbowl-ads.com/2018-kia-stinger-steven-tyler-big-game-ad-feel-something-again/,https://www.youtube.com/watch?v=9_dE6Z2HK8I,False,False,False,True,False,False,False,9_dE6Z2HK8I,youtube#video,aqgFNju22TWTXMYkRzINGjjbUPI,16399.0,219.0,3.0,0.0,0.0,2018-04-11T19:01:38Z,2018 Kia Commercial - Steven Tyler Big Game Ad - Feel Something Again,"SCANable provided a full body scan which was used for digital de-aging.

With 365 horsepower, the new 2018 Kia Stinger is a legend in the making. But what happens when it comes face to face with another legend: rock and roll icon Steven Tyler? Watch as Steven and the Stinger defy history in Kia’s 2018 Big Game ad.

Learn more about SCANable at: http://scanable.com",,SCANable,1.0,40,compound,-0.3818
2018,Pepsi,https://superbowl-ads.com/2018_pepsi_this_is_the_pepsi/,https://www.youtube.com/watch?v=0gHYd67OumQ,False,True,True,True,False,False,False,0gHYd67OumQ,youtube#video,Q00iStIKSH8Yg7SANFn6t6otpn0,669906.0,2849.0,181.0,0.0,324.0,2018-02-01T18:48:48Z,"Pepsi Super Bowl Commercial 2018 Cindy Crawford, Britney Spears","Pepsi Super Bowl Commercial 2018 Britney Spears, Cindy Crawford. You can watch funny Pepsi Super Bowl commercial 2018 featuring Britney Spears and Cindy Crawford named as Pepsi generations. This is the Pepsi that’s forever fun. This is the Pepsi for every generation. Pepsi has aired its Super Bowl 2018 commercial with Cindy Crawford and Britney Spears. Pepsi in one of the adversiter of Super Bowl 52.

Pepsi Super Bowl commecial 2018

#pepsi

https://www.youtube.com/channel/UChZGob5aWTeZreuP2hzIq7A",https://i.ytimg.com/vi/0gHYd67OumQ/sddefault.jpg,Funny Commercials,1.0,41,compound,0.9792
2018,NFL,https://superbowl-ads.com/touchdown-celebrations-to-come-nfl-super-bowl-lii-commercial/,https://www.youtube.com/watch?v=KUoD-gPDahw,True,True,False,True,False,False,False,KUoD-gPDahw,youtube#video,SGBrBxdwHcyT-n7RVhKfQW_yDbU,3464175.0,20508.0,556.0,0.0,1373.0,2018-02-05T02:22:46Z,Touchdown Celebrations to Come | NFL | Super Bowl LII Commercial,"For thirty teams, the Super Bowl isn’t the end of the season – it’s the start of next season. See how one team is preparing for the 2018 season and their touchdowns to come with a little inspiration from the classic film ""Dirty Dancing.” Starring Eli Manning and Odell Beckham, Jr., and featuring Landon Collins, Brett Jones, John Jerry, Chad Wheeler, D.J. Fluker, and John Greco. #SBLII

Watch full games with NFL Game Pass: https://www.nfl.com/gamepass?campaign=sp-nf-gd-ot-yt-3000342

Sign up for Fantasy Football! http://www.nfl.com/fantasyfootball

Subscribe to NFL: http://j.mp/1L0bVBu

The NFL YouTube channel is your home for immediate in-game highlights from your favorite teams and players, full NFL games, behind the scenes access and more!

Check out our other channels:
NFL Network http://www.youtube.com/nflnetwork
NFL Films http://www.youtube.com/nflfilms

For all things NFL, visit the league's official website at http://www.nfl.com/

Watch NFL Now: https://www.nfl.com/now
Listen to NFL podcasts: http://www.nfl.com/podcasts
Watch the NFL network: http://nflnonline.nfl.com/
Download the NFL mobile app: https://www.nfl.com/apps
2017 NFL Schedule: http://www.nfl.com/schedules
Buy tickets to watch your favorite team:  http://www.nfl.com/tickets
Shop NFL: http://www.nflshop.com/source/bm-nflcom-Header-Shop-Tab

Like us on Facebook: https://www.facebook.com/NFL
Follow us on Twitter: https://twitter.com/NFL
Follow us on Instagram: https://instagram.com/nfl/
Find us on Snapchat",https://i.ytimg.com/vi/KUoD-gPDahw/sddefault.jpg,NFL,17.0,42,compound,0.9215
2010,E-Trade,https://superbowl-ads.com/hd-exclusive-e-trade-baby-tears-2010-superbowl-44-xliv-commercial-ad/,https://www.youtube.com/watch?v=LgiYL1Ry2I8,True,True,False,False,False,False,False,LgiYL1Ry2I8,youtube#video,Vt-_mKF1IGYZcyvLlmYkb3IkA7M,14927.0,19.0,1.0,0.0,,2010-02-08T05:55:45Z,[HD] Exclusive E-Trade Baby Tears 2010 SuperBowl 44 XLIV Commercial Ad,"[HD] Exclusive E-Trade Baby Tears 2010 SuperBowl 44 XLIV Commercial Ad

http://www.youtube.com/subscription_center?add_user=AllTimeBestVids
http://www.youtube.com/subscription_center?add_user=2010SuperBowlXLIV",https://i.ytimg.com/vi/LgiYL1Ry2I8/sddefault.jpg,2010SuperBowlXLIV,24.0,43,compound,-0.1926
2017,NFL,https://superbowl-ads.com/2017-nfl-super-bowl-51-li-tv-commercial-inside-lines/,https://www.youtube.com/watch?v=pvKBdrx4quA,False,True,True,True,False,False,False,pvKBdrx4quA,youtube#video,ZXDJjm3EohRkihDA7ZybO5QGtGM,310443.0,2215.0,323.0,0.0,376.0,2017-02-05T20:38:06Z,Inside These Lines,"Inside these lines, we may have our differences, but recognize there is more that unites us.

Narration: Forest Whitaker

Music: Original interpretation of Lonnie Liston Smith’s “Garden of Peace” by Jon Batiste  

Subscribe to NFL: http://j.mp/1L0bVBu

Start your free trial of NFL Game Pass: https://www.nfl.com/gamepass?campaign=sp-nf-gd-ot-yt-3000342

Sign up for Fantasy Football! http://www.nfl.com/fantasyfootball

The NFL YouTube channel is your home for immediate in-game highlights from your favorite teams and players, full NFL games, behind the scenes access and more!

Check out our other channels:
NFL Network http://www.youtube.com/nflnetwork
NFL Films http://www.youtube.com/nflfilms

For all things NFL, visit the league's official website at http://www.nfl.com/

Watch NFL Now: https://www.nfl.com/now
Listen to NFL podcasts: http://www.nfl.com/podcasts
Watch the NFL network: http://nflnonline.nfl.com/
Download the NFL mobile app: https://www.nfl.com/apps
2016 NFL Schedule: http://www.nfl.com/schedules
Buy tickets to watch your favorite team:  http://www.nfl.com/tickets
Shop NFL: http://www.nflshop.com/source/bm-nflcom-Header-Shop-Tab

Like us on Facebook: https://www.facebook.com/NFL
Follow us on Twitter: https://twitter.com/NFL
Follow us on Instagram: https://instagram.com/nfl/",https://i.ytimg.com/vi/pvKBdrx4quA/sddefault.jpg,NFL,17.0,44,compound,0.9649
2000,E-Trade,https://superbowl-ads.com/2000-etrade-money-out-of-the-wazoo/,https://www.youtube.com/watch?v=oftjwYmlfoA,True,True,False,False,True,False,False,oftjwYmlfoA,youtube#video,LEbrx8jTU6g7mYj0svJTAQP69gw,67182.0,121.0,4.0,0.0,6.0,2008-01-31T01:55:33Z,"Superbowl (2000) E-Trade: ""Money Out The Wazoo""","Superbowl (2000) E-Trade: ""Money Out The Wazoo""

One of my all time favorite commercials...an instant classic xD

Thx for the 600+ views ^_^

No copyright Infringment intended.",,DarylKT,23.0,45,compound,0.7964
2007,E-Trade,https://superbowl-ads.com/2007-etrade-one-finger/,https://www.youtube.com/watch?v=jaR5-kefxn4,True,False,True,False,False,False,False,jaR5-kefxn4,youtube#video,ChLhEDwkX9K3g7xyXHoqirTHenA,97247.0,97.0,22.0,0.0,23.0,2007-02-05T07:40:29Z,Etrade One Finger Super Bowl XLI Commercial,"This one had the perfect VO, great editing, direction and camera angles PLUS it used fun choices as examples before the punch line. Even when it comes to telling your expensive broker where to go, all it takes is one finger. Entertaining, persuasive, and a good use of humor.",,ZagStudiosOnYT,23.0,46,compound,0.9584
2000,Budweiser,https://superbowl-ads.com/2000-budweiser-whaasup-game/,https://www.youtube.com/watch?v=loimTUjV92Q,True,True,False,False,False,False,False,loimTUjV92Q,youtube#video,DTHkdgwWep5uuKd4YLL_8G13EdI,5264.0,10.0,1.0,0.0,1.0,2015-05-14T20:18:02Z,WHASSUP GIRLFRIEND - Budweiser Commercial 2000,"Budweiser Adverts & Commercials Archive
WHASSUP GIRLFRIEND
#commercial #advert #ads #spot #commercials

The TV Commercial Ad titled WHASSUP GIRLFRIEND was done by DDB Chicago advertising agency for brand: Budweiser in United States. It was released in the Jan 2000.",,Bennet Commercials,24.0,47,compound,0.4215
2013,Doritos,https://superbowl-ads.com/video-doritos-2013-super-bowl-xlvii-commercial-goat-for-sale/,https://www.youtube.com/watch?v=DoM6IhfY8No,True,True,False,False,False,True,False,DoM6IhfY8No,youtube#video,Sfys9ys8Nk0nbZK0xMirYWLZlwA,576696.0,2541.0,94.0,0.0,150.0,2013-02-03T23:48:43Z,2013 SuperBowl XLVII Doritos Goat 4 Sale Commercial,"Directed by Ben Callner
Produced by Pogo Pictures
A Doritos® Crash the Super Bowl 2013 Finalist

Official 1080p upload by Pogo Pictures
See more work from Ben and our other directing talent at www.pogopictures.com

About Ben Callner

Ben Callner has always had a passion for filmmaking and directing, switching his major during sophomore year at Georgia Tech from Industrial Design to the closest film major they had -- Science, Technology and Culture. Ben comes from a tight-knit family, and his spot reflects that; his mom served as the script supervisor, and his father, a purchasing manager, served as craft services manager for the shoot. ""Goat 4 Sale"" took 2,000 popsicle sticks, 150 bags of Doritos, a goat named Moose and a small team of volunteers from Pogo Pictures, the film production company that took him under their wing after Callner persistently pestered the company's owner with his silly commercial ideas.

CAST

Mark Ashworth, ""Mark""
Moose the Goat, ""Goat""
Keith Bahun, Goat Scream VO
Joe Przedwiecki, ""Younger Man""
Steve Colby, Puppeteer
Ben Callner, Puppeteer

CREW

Ben Callner, Director / Co-Writer / Editor
Steve Colby, Executive Producer / Co-Writer / Goat Wrangler
Ruth Brown, Executive Producer
Joe Przedwiecki, Associate Producer / Camera Assistant / Media Manager
Ashley Wilson, Production Coordinator
Pete Wages, Director of Photography
Joe Clayton, Gaffer
Alice Nisbet, Art Director
Greg Linton, Sound Mixer
West Chambliss, Swing
Ethan Moffitt, Grip
Chris Callner, Script Supervisor
Scott Callner, Craft Service
Andrew Hunt, Production Assistant
Brian Kull, Production Assistant
Mike Massey, Production Assistant
Roger & Helyn Kesler, Homeowners of Exterior Location

POST PRODUCTION

Ben Callner, Editor
Molly Baroco, Executive Producer, Beast
Soraia Callison, Producer, CO3
Jeremy Moore, Producer, Method
Billy Gabor, Sr. Colorist, CO3
Ben Holst, Post Sound Mix, Tunewelders
Deron Heffmeyer, Sr Flame Artist, Method
Mike Wardner, Sr Flame Artist, Method
Heather Keister, Flame Assistant, Method",,Ven Flowers,22.0,48,compound,0.4588
2013,Budweiser,https://superbowl-ads.com/video-budweiser-black-crown-2013-super-bowl-xlvii-ad-coronation/,https://www.youtube.com/watch?v=AMP9fgyi41M,False,True,False,False,False,False,True,AMP9fgyi41M,youtube#video,rVxzixHkcTLgIiGHmvUAyRjUT-Q,1171.0,5.0,2.0,0.0,0.0,2013-02-05T09:16:01Z,"Budweiser Black Crown ""Coronation"" - 2013 Super Bowl Commercial","Client:  Budweiser Black Crown
2013 Super Bowl Commercial

Agency:  Anomaly/New York

Production Company:  MJZ  

Song:  ""Stripper"" by Soho Dolls

Music House:  Yessian Music",https://i.ytimg.com/vi/AMP9fgyi41M/sddefault.jpg,YessianMusic,24.0,49,compound,0.5994
2007,Doritos,https://superbowl-ads.com/2007-doritos-live-the-favor/,https://www.youtube.com/watch?v=kNxgxF-7SfA,True,True,False,False,True,False,True,kNxgxF-7SfA,youtube#video,i5qDt17xEYUFofv2C1byHUsZBQ4,1683994.0,2508.0,861.0,0.0,160.0,2007-01-27T01:33:06Z,Live the Flavor,Live the Flavor,,crashthesuperbowl07,24.0,50,compound,0.0
2009,Budweiser,https://superbowl-ads.com/2009-budweiser-clydesdale-plays-fetch/,https://www.youtube.com/watch?v=w_ZEGUX4YnI,True,True,True,False,False,True,False,w_ZEGUX4YnI,youtube#video,0V3p3yPR8wqiWzyHVGtgj0Nh73Y,49339.0,67.0,2.0,0.0,8.0,2009-02-02T01:25:17Z,Budweiser - Fetch Super Bowl XLIII Commercial 209,A Clydesdale raises the ante on his Dalmatian friend.,,reggiep08v2,23.0,51,compound,0.4939
2012,E-Trade,https://superbowl-ads.com/2012-etrade-fatherhood/,https://www.youtube.com/watch?v=fObt1E6Ij_E,True,False,False,False,False,False,False,fObt1E6Ij_E,youtube#video,dLg8lbhVdcz-GfpKL5I8h6z60V4,21.0,0.0,0.0,0.0,0.0,2013-03-05T14:11:47Z,Etrade (2012) Fatherhood, ,https://i.ytimg.com/vi/fObt1E6Ij_E/sddefault.jpg,HilariousSuperBowl,23.0,52,compound,0.0
2019,Bud Light,https://superbowl-ads.com/2019-bud-light-medieval-barbers/,https://www.youtube.com/watch?v=hkSQ2Vr41bM,True,True,False,False,False,False,False,hkSQ2Vr41bM,youtube#video,x3V8RgbPzzff3fo_jUcKFjNsr9M,36683.0,65.0,117.0,0.0,32.0,2019-02-04T02:23:36Z,Ad Meter 2019: Bud Light Medieval Barbers,"Ad Meter 2019: Check out Bud Light's third and final ad from the 2019 Super Bowl. Medieval barbers discuss beer ingredients while giving bowl cuts. 
USA TODAY Super Bowl Ad Meter 2019 https:///  
Watch other Super Bowl Ads here: http://bit.ly/2UEjBqo
#AdMeter #AdMeter2019",https://i.ytimg.com/vi/hkSQ2Vr41bM/sddefault.jpg,USA TODAY,25.0,53,compound,0.9169
2017,Kia,https://superbowl-ads.com/2017-kia-super-bowl-51-li-tv-commercial-heros-journey-starring-melissa-mccarthy/,https://www.youtube.com/watch?v=pVxmT2x3Od4,True,False,False,True,True,True,False,pVxmT2x3Od4,youtube#video,qXZi4u14SAqGL3C30fMy_n91mKI,87687.0,589.0,22.0,0.0,32.0,2017-02-01T18:25:49Z,2017 Kia Niro  “Hero’s Journey” Starring Melissa McCarthy,"Watch Melissa McCarthy during the Big Game as she sets off on a mission to save the planet. Unfortunately, she finds out the hard way that it’s not easy to be an eco-warrior. Luckily, she drives the 2017 Kia Niro.",https://i.ytimg.com/vi/pVxmT2x3Od4/sddefault.jpg,Kia Delray,22.0,54,compound,-0.4416
2007,Bud Light,https://superbowl-ads.com/2007-bud-light-but-he-has-bud-light/,https://www.youtube.com/watch?v=qIC90Vnc-OI,True,True,False,False,True,False,False,qIC90Vnc-OI,youtube#video,r016MRl7teHUCnS01aqNE--Ybk0,177497.0,392.0,9.0,0.0,28.0,2007-02-05T06:41:17Z,Super Bowl XLI BudLight Hitch Hiker Commercial,But... He has Bud Light!,,Alex Pereira,23.0,55,compound,0.0
2011,Bud Light,https://superbowl-ads.com/2011-bud-light-dog-sitter/,https://www.youtube.com/watch?v=JJn1vM7LB1Y,True,True,False,False,False,True,False,JJn1vM7LB1Y,youtube#video,ZONHUI1oEnjvFPHpkyWUxM_wY_c,350.0,1.0,1.0,0.0,0.0,2020-01-30T02:23:47Z,Bud Light - Dog Sitter - Super Bowl Commercial,,,Jay Lower,23.0,56,compound,0.0
2016,Pepsi,https://superbowl-ads.com/pepsi-2016-super-bowl-50-ad-joy-pepsi/,https://www.youtube.com/watch?v=B9j4Cw5dkBs,False,False,False,True,False,False,False,B9j4Cw5dkBs,youtube#video,C4Z0gQzertLBvFpXK7JyaSJ-Xs4,40818.0,320.0,19.0,0.0,13.0,2016-08-09T14:14:01Z,"Greatest SuperBowl Ads, Pepsi Cola Ad","One of the Funniest Super Bowl Ad !
Joy of Pepsi ft Janelle Monáe - Pepsi 2016 Commercial

Don't forget to Subscribe and Like the Video for More Entertaining videos like this one on IceTv ads!",https://i.ytimg.com/vi/B9j4Cw5dkBs/sddefault.jpg,IceTv Ads,22.0,57,compound,0.9672
2009,Hynudai,https://superbowl-ads.com/2009-hyundai-angry-bosses/,https://www.youtube.com/watch?v=puG0WOgAUfs,True,True,False,False,False,False,False,puG0WOgAUfs,youtube#video,t4cRAynwYsoR15Xf-890wxXxfU4,373684.0,585.0,178.0,0.0,118.0,2009-01-30T01:39:07Z,Bosses,The highest accolade for the Hyundai Genesis is certain to rattle a few cages.,,HyundaiSuperBowl2009,2.0,58,compound,0.2732
2011,Coca-Cola,https://superbowl-ads.com/2011-coca-cola-siege/,https://www.youtube.com/watch?v=nAJvHsVoLq0,True,False,False,False,True,True,False,nAJvHsVoLq0,youtube#video,eZ-FD9fQRKoqOjfet2Xoc_84BUw,87396.0,53.0,2.0,0.0,2.0,2011-02-05T09:10:25Z,"Coca-Cola ""Siege"" Super Bowl ad","In ""Siege"" we learn that sometimes a little happiness is the most effective weapon.",,alohawarriorchief,24.0,59,compound,0.6395
2016,Hynudai,https://superbowl-ads.com/hyundai-2016-super-bowl-50-ad-ryanville/,https://www.youtube.com/watch?v=wBcijELzZi4,True,True,False,True,False,True,True,wBcijELzZi4,youtube#video,FYixaWIQg5_fOYLQR71bbv4ExNk,11074.0,91.0,5.0,0.0,3.0,2016-02-03T14:18:51Z,Hyundai Super Bowl - Ryanville - All New Elantra,El nuevo Hyundai Elantra te protege con sus características avanzadas de seguridad gracias a su frenado automático de emergencia con detección de peatones,https://i.ytimg.com/vi/wBcijELzZi4/sddefault.jpg,Hyundai Chile,2.0,60,compound,0.0
2009,Doritos,https://superbowl-ads.com/2009-doritos-new-flavor-pitch/,https://www.youtube.com/watch?v=qKKpRhFcKBk,True,True,False,False,False,False,False,qKKpRhFcKBk,youtube#video,loM6VTvGwvr9zQSafgAXA_4scw0,41379.0,103.0,9.0,0.0,7.0,2009-07-03T19:48:51Z,Super Bowl XLIII Commercial Doritos Beer Ad Funny Exclusive New Flavor Pitch,Super Bowl XLIII Commercial Doritos Beer Ad Funny Exclusive New Flavor Pitch,,omon007,24.0,61,compound,0.8074
2010,Doritos,https://superbowl-ads.com/hd-exclusive-doritos-samurai-2010-super-bowl-44-xliv-commercial-ad/,https://www.youtube.com/watch?v=1ww1k7w4WQ8,True,True,False,False,True,False,False,1ww1k7w4WQ8,youtube#video,KsbhUWLC338alRxsSSzYEP6EVug,219464.0,1136.0,28.0,0.0,94.0,2010-02-08T02:51:00Z,Dorito Ninja Super Bowl Commercial 2010,Dorito Ninja Super Bowl Commercial 2010,,FunnyInternetVids,22.0,62,compound,0.5994
2015,Doritos,https://superbowl-ads.com/2015-doritos-middle-seat/,https://www.youtube.com/watch?v=2JqRXLQYF9o,True,False,False,False,False,False,True,2JqRXLQYF9o,youtube#video,j-ezTY2pIoFpZemei2sFJuqdGAY,2319854.0,2746.0,203.0,0.0,184.0,2014-11-07T15:32:10Z,Middle Seat - Doritos Crash the Super Bowl 2015 WINNER OFFICIAL,One man will do anything to keep the middle seat empty.,https://i.ytimg.com/vi/2JqRXLQYF9o/sddefault.jpg,Scott Zabielski,23.0,63,compound,-0.2023
2007,Coca-Cola,https://superbowl-ads.com/2007-coca-cola-video-game/,https://www.youtube.com/watch?v=3Tnm53uXIvg,False,True,True,False,True,True,False,3Tnm53uXIvg,youtube#video,YIpEyB-DKq4Ew-W-TUKHir-VWdc,249186.0,452.0,49.0,0.0,75.0,2007-02-05T02:28:10Z,"2007 Super Bowl Commercials - Coca Cola, Video Game","2007 Super Bowl Commercials - Coca Cola, Video Game",,viralstuff,24.0,64,compound,0.5994
2019,Toyota,https://superbowl-ads.com/2019-toyota-supra-wizard/,https://www.youtube.com/watch?v=ZuBbnZ3UbJw,False,True,False,False,False,False,False,ZuBbnZ3UbJw,youtube#video,48MRuaFWWUXi4S3k6UhEZzXRIu4,6713.0,68.0,5.0,0.0,29.0,2019-02-04T03:40:33Z,2020 Toyota Supra 2019 Pinball Wizard themed Super Bowl advertisement,"Look out, America! The 2020 Toyota Supra is back!!!
No Rights Implied. Car enthusiast promotion only.",,Steven Watson,2.0,65,compound,0.3544
2002,Budweiser,https://superbowl-ads.com/2002-budweiser-how-ya-doin/,https://www.youtube.com/watch?v=mhEYXcCB1Qw,True,True,False,False,False,False,False,mhEYXcCB1Qw,youtube#video,Tlh2uZ20QqPkKiWpKL36eCvOjBc,38574.0,199.0,7.0,0.0,8.0,2016-01-27T21:22:23Z,Budweiser Commercial -- How you doin',,,Esca.me FunTastic English,27.0,66,compound,0.0
2014,Coca-Cola,https://superbowl-ads.com/2014-coca-going-all-the-way/,https://www.youtube.com/watch?v=nO-8ZY7p95o,True,False,False,False,False,False,False,nO-8ZY7p95o,youtube#video,r-y8yjh-VcQo8r8zetmSdYlAI2k,3900.0,14.0,3.0,0.0,0.0,2014-02-03T02:29:16Z,"Coca Cola Super Bowl Commercial 2014 ""Going all the Way""","2014 Super Bowl Ads, Top Super Bowl Commercials 2014, Super Bowl Ads ""Bud Light"" ""Doritos"" ""Audi"" ""Pepsi"", Arnold Schwarzenegger Table Tennis, Arnold Schwarzenegger Ping Pong, Bud Light Super Bowl Ads 2014, Bud Light Super Bowl Commercials 2014, Arnold paid 3 million for commercial, Arnold Ping Pong, Arnold Table Tennis

Best Superbowl Commercials Compilation 2014
The Top 10 Countdown
Doritos
Budweiser
Audi
Volkswagen
Kia Matrix
Bud Light
Scarlett Johansson Soda Stream
M&M
Go Daddy
puppy love

Tags:
""doritos commercial""
""super bowl commercials 2014""
""superbowl commercials 2014""
""funny superbowl commercials 2014""
funny banned commercials 2014
sexy super bowl commercials 2014
best and funny super bowl ads
superbowl ads 2014
funny super bowl commercials compilation
turbotax
chevrolet commercial world cancer day
""squarespace"" commercial
""transformers 4 trailer"" 2014

apple Super Bowl commercial , apple trailer, apple ad, 
the amazing spiderman trailer 2014 commercial super bowl
2014 Failure Epic Lol Owned Noob Ownage ""november fail compilation 2014"" ""fail compilation december 2014"" ""monthly fails december"" ""monthly fails december 2014"" ""monthly fails"" ""december fails 2014"" mf monthly fails fail compilation december 2014 Failure Epic Lol Owned Noob Ownage Hilarious Funny Videos MonthlyFailz Monthly Failz Best Fails of the Week 2014 win wins

""maserati"" ""sports car"" ""Ferrari"" 

+ ""January fail compilation 2014"" ""fail compilation January 2013"" ""monthly fails January"" ""monthly fails January 2013"" ""monthly fails"" ""January fails 2013"" mf monthly fails fail compilation January 2013 Failure Epic Lol Owned Noob Ownage ""January fail compilation 2013"" ""fail compilation January 2013"" ""monthly fails January"" ""monthly fails January 2013"" ""monthly fails"" ""January 2013"" mf monthly fails fail compilation January 2013 Failure Epic Lol Owned Noob Ownage ""January fail compilation 2013"" ""fail compilation January 2013"" ""monthly fails January"" ""monthly fails January 2013"" ""monthly fails"" ""January fails 2013"" mf monthly fails fail compilation January 2013 Failure Epic Lol Owned Noob Ownage Hilarious Funny Videos MonthlyFailz Monthly Failz Best Fails of the Week 2013 queen latifah national anthem 2014 Super Bowl 

Jaguar 2014 Big Game Commercial
Bud Light Arnold Schwarzenegger Super Bowl Commercial 2014
Volkswagen Game Day Teaser
Draft Day Super Bowl Commercial 2014
Chevy Super Bowl Commercial '""Romance""
Volvo XC70 Zlatan Ibrahimovic Commercial 2014
Budweiser Super Bowl XLVIII Commercial 'Puppy Love'
Kia Matrix Super Bowl Commercial 2014
Doritos Super Bowl Commercial 2014
M&Ms Super Bowl Commercial ""Gang Star""
Taco Bell Game Day Super Bowl Commercial ""Grandpa Goes Wild""
Audi Big Game Commercial ""Doberhuahua""
M&Ms Super Bowl Ad ""Choclates""
Sorry Coke and Pepsi (Sodastream)

Tags to help find this compilation:
NFL Super Bowl 2014 (XLVIII)
super bowl 2014, super bowl XLVIII, super bowl xlviii commercial, super bowl commercials 2014, best superbowl commercial, super bowl commercials, super bowl doritos commercial, super bowl b commercial budweiser 2014, super bowl ads 2014, funniest super bowl commercials 2014, top 10 super bowl commercials, super bowl xlviii ads, banned super bowl commercials 2014, funniest super bowl commercials of 2014, big game commercials 2014, top 10 funniest super bowl commercials, best ads super bowl 2014, super bowl xlviii funniest commercials, top 20 funniest commercials super bowl xlviii, super bowl commercials compilation 2014, super bowl commercials mashup",https://i.ytimg.com/vi/nO-8ZY7p95o/sddefault.jpg,Trailer Tube,24.0,67,compound,0.9993
2004,Budweiser,https://superbowl-ads.com/2004-budweiser-referee/,https://www.youtube.com/watch?v=uO-E2T1hayU,True,False,False,False,False,False,False,uO-E2T1hayU,youtube#video,ek8qK2ZgsUaWWl3plVUeJhVCI5U,327529.0,803.0,42.0,0.0,73.0,2006-09-19T20:49:24Z,Budweiser Commercial- Referee Training,"When you're married, you'll understand. But I love you baby.",,mattbrockmd,23.0,68,compound,0.7783
2016,Coca-Cola,https://superbowl-ads.com/coca-cola-mini-2016-super-bowl-50-ad-hulk-vs-ant-man/,https://www.youtube.com/watch?v=sMkGwCw7iv8,True,True,False,True,True,False,False,sMkGwCw7iv8,youtube#video,sQOKNrp9TU1Pfz5QIaK8O5CgBRc,6428474.0,58957.0,2673.0,0.0,813.0,2017-05-07T14:37:08Z,Hulk vs. Ant-Man - Coca-Cola: Coke Mini,"SUBSCRIBE TO MY GAMING CHANNEL:
https://www.youtube.com/channel/UCQPDrHMGGSfCLFiO4SetkdQ/videos

Avengers : Infinity War - Trailer Ver.2 (New Footage) - (Thanos & Collector):
https://www.youtube.com/watch?v=iz6Kl1qnL04

Avengers Vs Thanos Avengers Infinity War Full Fight:
https://www.youtube.com/watch?v=44ls-Cwjkjc

Wolverine Fight Scenes And All Best Scenes:
https://www.youtube.com/watch?v=eFu5Bs5r6SQ

Deadpool Fight Scenes And All Best Scenes:
https://www.youtube.com/watch?v=G_HAWCq9V4A

All Stan Lee Cameos (2008-2017):
https://www.youtube.com/watch?v=YB0Cg8eSeXk

Iron Man All Suit Up Scenes:
https://www.youtube.com/watch?v=ZMEHyrfoa7w

Dr Strange Vs Thanos : Marvel Future Fight Trailer:
https://www.youtube.com/watch?v=CRP1aYz_458

Ant-Man All Best Scenes:
https://www.youtube.com/watch?v=LZvRKABxwbA

Spider-man All Fight Moves:
https://www.youtube.com/watch?v=k27WvJFDZME

Spider-man All Swinging Scenes:
https://www.youtube.com/watch?v=CsencLwGCLI

Make sure you like, comment, subscribe and share my channel and also follow me on:
Instagram: https://www.instagram.com/clipsybox/
Twitter: https://twitter.com/Clipsybox
Google+: https://plus.google.com/

-Copyright Disclaimer Under Section 107 of the Copyright Act 1976, allowance is made for ""fair use"" for purposes such as criticism, comment, news reporting, teaching, scholarship, and research. Fair use is a use permitted by copyright statute that might otherwise be infringing. Non-profit, educational or personal use tips the balance in favor of fair use. No copyright infringement intended.",https://i.ytimg.com/vi/sMkGwCw7iv8/sddefault.jpg,ClipsyBox,1.0,69,compound,0.4871
2015,Budweiser,https://superbowl-ads.com/2015-budweiser-clydesdale-beer-run/,https://www.youtube.com/watch?v=5tso0er4EUI,True,True,False,False,True,True,False,5tso0er4EUI,youtube#video,_71uDdZqY4IxiWxs1PGUptQR3So,7621.0,14.0,2.0,0.0,0.0,2015-09-10T19:36:03Z,Budweiser USA  #BestBuds   2015 Budweiser Clydesdale Beer Run,,https://i.ytimg.com/vi/5tso0er4EUI/sddefault.jpg,Mr. Goodstuff,22.0,70,compound,0.0
2016,Hynudai,https://superbowl-ads.com/hyundai-2016-super-bowl-50-ad-first-date/,https://www.youtube.com/watch?v=KwUUdl22mkA,True,False,False,True,False,False,False,KwUUdl22mkA,youtube#video,ceP0ZS663GmvV3OLOyVsooJY0d8,156718.0,1243.0,24.0,0.0,57.0,2017-02-02T20:40:46Z,First Date – Hyundai Super Bowl 2016 Commercial  Kevin Hart,First dates can be hard thanks to Hyundai.,https://i.ytimg.com/vi/KwUUdl22mkA/sddefault.jpg,Peek of the Net,24.0,71,compound,0.3612
2001,Bud Light,https://superbowl-ads.com/2001-bud-light-pencil-pusher/,https://www.youtube.com/watch?v=J89vbNUzhIE,True,False,False,False,True,False,True,J89vbNUzhIE,youtube#video,GHeQo7aJkCyELqIbAfaaPjl_NTg,60774.0,269.0,10.0,0.0,18.0,2012-02-14T10:39:19Z,Bud Light Funny Pencil Advertisement,Really Funny Commercial from Bud Light,https://i.ytimg.com/vi/J89vbNUzhIE/sddefault.jpg,Tan Jian Wei,23.0,72,compound,0.4927
2003,Bud Light,https://superbowl-ads.com/2003-bud-light-strongman/,https://www.youtube.com/watch?v=_cEQ5g6bzdM,True,True,False,False,True,False,False,_cEQ5g6bzdM,youtube#video,MYwiYsgne5MnoTR1_ytZzWXY6Ug,3754.0,18.0,1.0,0.0,1.0,2010-07-08T06:50:31Z,Bud Light - Strongman, ,https://i.ytimg.com/vi/_cEQ5g6bzdM/sddefault.jpg,Drew Frohmann,23.0,73,compound,0.0
2000,Bud Light,https://superbowl-ads.com/2000-bud-light-hold-the-door/,https://www.youtube.com/watch?v=M3IV93HwSkc,True,True,False,False,True,False,False,M3IV93HwSkc,youtube#video,1OWaRDoaLyChsSASiAtSjRdVoxg,6641.0,7.0,1.0,0.0,1.0,2006-10-27T12:00:08Z,Bud Light-03 (elevator),Budweiser-bud-light-elevator,,asavatar,23.0,74,compound,0.0
2018,Coca-Cola,https://superbowl-ads.com/2018-coca-cola-super-bowl-ad-wonder-us/,https://www.youtube.com/watch?v=ucCvhK2CZMo,False,True,True,False,False,False,False,ucCvhK2CZMo,,,,,,,,,,,,,,75,compound,0.0
2001,Pepsi,https://superbowl-ads.com/2001-pepsi-subway-miracle/,https://www.youtube.com/watch?v=1nmPv4M8Ps8,True,False,False,False,False,False,True,1nmPv4M8Ps8,youtube#video,YAOcdqNMdnkN6--Taom6DkvsuB4,788.0,4.0,2.0,0.0,0.0,2015-06-06T18:00:31Z,Pepsi 90's commercial - SUBWAY,"sweaty hot subway ride and dreams of a get away with a Pepsi, mid 90's commercial",,musickeys8,24.0,76,compound,0.4019
2014,Doritos,https://superbowl-ads.com/2014-doritos-cowboy-kid/,https://www.youtube.com/watch?v=1X_M47SQF6s,True,True,False,False,True,True,False,1X_M47SQF6s,youtube#video,3WAtTDqC9xEGa80DYbe6cZD6w6g,10929.0,37.0,3.0,0.0,5.0,2014-12-15T22:32:28Z,2014 Doritos Cowboy Kid Super Bowl Commercial,"Doritos have some pretty creative commercial advertisements.  This one is very entertaining as it shows how hungry people are for Doritos.  Actions are exaggerated, but very funny.",https://i.ytimg.com/vi/1X_M47SQF6s/sddefault.jpg,EliteCommercial,24.0,77,compound,0.8495
2016,Budweiser,https://superbowl-ads.com/budweiser-2016-super-bowl-50-ad-simply-put/,https://www.youtube.com/watch?v=Le_2S2db0Bk,False,True,False,True,False,False,False,Le_2S2db0Bk,youtube#video,HAxjEjfPieU-ROUlueKn-s44e9k,136.0,0.0,0.0,0.0,0.0,2016-02-08T18:22:21Z,Budweiser The Best Super Bowl 2016 Commercial  Ad,"Here you can find all the pre-released and released Super Bowl 50 commercials!

Saty tuned!",https://i.ytimg.com/vi/Le_2S2db0Bk/sddefault.jpg,Ad Bowl 2016,22.0,78,compound,0.6688
2004,Budweiser,https://superbowl-ads.com/2004-budweiser-donkey/,https://www.youtube.com/watch?v=pmmsr7PAhWU,False,True,True,False,False,True,False,pmmsr7PAhWU,youtube#video,OXdrdYNAwKqsD8K1qbhJuPk39tA,1939823.0,3744.0,108.0,0.0,279.0,2006-09-17T07:10:58Z,Budweiser Donkey,He wants to be a clydesdale lol.,,fuzzypeaches,15.0,79,compound,0.4215
2015,Budweiser,https://superbowl-ads.com/budweiser-2015-super-bowl-xlix-ad-brewed-the-hard-way/,https://www.youtube.com/watch?v=7_EfXuGev24,False,True,True,False,False,True,False,7_EfXuGev24,youtube#video,OJ5NgJD86QWeKHZRp0V9eZb2cME,79.0,0.0,0.0,0.0,0.0,2020-12-20T22:13:40Z,Budweiser Brewed The Hard Way Commercial,,https://i.ytimg.com/vi/7_EfXuGev24/sddefault.jpg,World's Best Commercials,22.0,80,compound,0.0
2016,Kia,https://superbowl-ads.com/kia-optima-2016-super-bowl-50-ad-walken-closet/,https://www.youtube.com/watch?v=rBkPXt-OpA4,True,False,False,True,False,False,False,rBkPXt-OpA4,youtube#video,VyDBliIivFtAPSfqRLQ4K2s7ujo,14395.0,86.0,1.0,0.0,6.0,2017-11-04T17:09:58Z,Kia - Beige Socks (Christopher Walken) Super Bowl Commercial,Kia - Beige Socks (Christopher Walken) Super Bowl Commercial,https://i.ytimg.com/vi/rBkPXt-OpA4/sddefault.jpg,Peek of the Net,24.0,81,compound,-0.0772
2017,Budweiser,https://superbowl-ads.com/2017-budweiser-super-bowl-51-li-tv-commercial-born-hard-way/,https://www.youtube.com/watch?v=HtBZvl7dIu4,False,False,True,False,True,False,False,HtBZvl7dIu4,youtube#video,VibFVOysKCzP0-uuiadbUHU8tdI,28785122.0,48423.0,17113.0,0.0,9190.0,2017-01-31T13:18:04Z,Budweiser 2017 Super Bowl Commercial | “Born The Hard Way”,"This is the story of our founder’s ambitious journey to America in pursuit of his dream: to brew the King of Beers.

Subscribe to Budweiser: youtube.com/budweiser

Connect with Budweiser: 

Facebook: facebook.com/BudweiserUSA
Instagram: instagram.com/budweiser
Twitter: twitter.com/budweiser",https://i.ytimg.com/vi/HtBZvl7dIu4/sddefault.jpg,Budweiser,24.0,82,compound,0.6249
2000,Budweiser,https://superbowl-ads.com/2000-budweiser-talking-dog/,,True,False,False,False,False,True,False,,,,,,,,,,,,,,,83,compound,0.0
2009,Coca-Cola,https://superbowl-ads.com/2009-coca-cola-heist/,https://www.youtube.com/watch?v=icV7fGqPZ2I,False,True,False,False,False,True,False,icV7fGqPZ2I,youtube#video,aOeA5stEx1nPp0TbQ_2q0ZsWOhw,503550.0,1490.0,296.0,0.0,88.0,2009-08-31T17:49:57Z,Heist - Coca-Cola Commercial,Coca-Cola's Emmy Award winning commercial that first aired during 2009's Super Bowl XLIII,,Coca-Cola,24.0,84,compound,0.8957
2015,Doritos,https://superbowl-ads.com/doritos-2015-super-bowl-xlix-ad-when-pigs-fly/,https://www.youtube.com/watch?v=YQo0TfuueaY,True,True,True,False,False,True,False,YQo0TfuueaY,youtube#video,LzTMkCa44dUYcbzjewyzXEgGNmA,1274288.0,2031.0,149.0,0.0,201.0,2014-11-10T01:44:58Z,When Pigs Fly - Doritos Crash the Super Bowl 2015 WINNER OFFICAL,"""When Pigs Fly"" Doritos Crash the Superbowl 2015 WINNER.
Twitter: https://twitter.com/whenpigsfly2015
Facebook: https://www.facebook.com/pages/Vote4whenpigsfly/1523644641244424?pnref=story


Billy goes to great lengths to get a Dorito from Ralph...


Created by Graham Talbot, Nelson Talbot, David McDonald
Producer/Production Designer: Rebecca Sjonger
Cast: Brendan Taylor, Keegan Turbitt, Bernard the Pig
Cinematography by: Graham Talbot, Nelson Talbot
Editing/VFX: David McDonald
Casting Director: Alex Zahara
Key Grip: Nicholas Palfy
1st Camera Assistant/Crane Operator: Cedric Yu
Grip: Chris Tambosso, Owen Jones, Taylor McInnes
Animal Wranger: Ian Doig
Animal Trainer: Camille Siebert
Special Thanks: Gordon Talbot, Jan Talbot, Dean & Debbie Hall.",https://i.ytimg.com/vi/YQo0TfuueaY/sddefault.jpg,Nelson Talbot,1.0,85,compound,0.9153
2004,Toyota,https://superbowl-ads.com/2004-toyota-revenge/,https://www.youtube.com/watch?v=5uLJitPWAXM,True,True,False,False,True,False,False,5uLJitPWAXM,youtube#video,GXaPaCxTG4So8arA_8J6fGfKbXQ,112297.0,640.0,9.0,0.0,52.0,2009-07-13T02:43:45Z,Toyota Tacoma Double Cab Girlfriend Commercial,"This girl is apperently sick and tired of her boyfriend hanging out with his friends to just ride around in his precious Tacoma all the time. So she and her friends decide to take the truck to a cliff to push it over and destroy it will taping it for her boy to see. Watch what happens at the end, it's priceless. Very rare commercial to find and one of my favorites.",,SONICMATRIX,24.0,86,compound,0.4588
2016,NFL,https://superbowl-ads.com/nfl-2016-super-bowl-50-ad-super-bowl-babies-choir/,https://www.youtube.com/watch?v=9KqekigARfE,False,False,True,True,False,False,False,9KqekigARfE,youtube#video,myYt4cVmyXuXFJMsJpC8j--oy2o,4921309.0,20690.0,2015.0,0.0,1828.0,2016-02-01T14:30:01Z,“Super Bowl Babies Choir” feat. Seal | Music Video,"For Super Bowl 50 the NFL and Seal brought together some actual Super Bowl Babies to recreate one of the greatest love songs of all time to celebrate the greatest game of all time. Click on CC to view the song lyrics.

Subscribe to the NFL YouTube channel to see immediate in-game highlights from your favorite teams and players, daily fantasy football updates, all your favorite NFL Network podcasts, and more! 

Subscribe to NFL on YouTube: https://goo.gl/VmTK0M

For all things NFL, visit the league's official website at http://www.nfl.com/

Watch NFL Now: https://www.nfl.com/now
Start your free trial of NFL Game Pass: https://www.nfl.com/gamepass
Listen to NFL podcasts: http://www.nfl.com/podcasts
Fantasy Football: http://www.nfl.com/fantasyfootball
Watch the NFL network: http://nflnonline.nfl.com/
Download the NFL mobile app: https://www.nfl.com/apps
2015 NFL Schedule: http://www.nfl.com/schedules
Buy tickets to watch your favorite team:  http://www.nfl.com/tickets
Shop NFL: http://www.nflshop.com/source/bm-nflcom-Header-Shop-Tab

Like us on Facebook: https://www.facebook.com/NFL
Follow us on Twitter: https://twitter.com/NFL
Follow us on Instagram: https://instagram.com/nfl/",https://i.ytimg.com/vi/9KqekigARfE/sddefault.jpg,NFL,24.0,87,compound,0.9907
2017,Hynudai,https://superbowl-ads.com/2017-hyundai-super-bowl-51-li-tv-commercial-better-super-bowl/,https://www.youtube.com/watch?v=KpN6fxOorwE,False,False,True,False,False,False,False,KpN6fxOorwE,youtube#video,QpwvT9GWYOLVg34FPM5-1UmU-yg,907.0,8.0,0.0,0.0,1.0,2017-02-06T03:38:18Z,A Better Super Bowl | NFL Hyundai Super Bowl LI,"Millions of people watched Super Bowl LI. But without our troops, this day wouldn't be possible. This year, Hyundai made their Super Bowl better. They couldn't",,AUTOSHOW,1.0,88,compound,0.9127
2012,Bud Light,https://superbowl-ads.com/2012-bud-light-rescue-dog/,https://www.youtube.com/watch?v=Qr3GJqccGi4,True,True,False,False,False,True,True,Qr3GJqccGi4,youtube#video,tbgwwu0gOGhbIwcyg9YhEIFvldc,14579.0,42.0,1.0,0.0,0.0,2012-02-07T23:48:37Z,Bud Light - Rescue Dog,Funny 2012 Super Bowl Ad. HERE WE GO,https://i.ytimg.com/vi/Qr3GJqccGi4/sddefault.jpg,powerofthepitt,1.0,89,compound,0.7783
2008,Budweiser,https://superbowl-ads.com/2008-budweiser-dalmatian-trains-hank-for-team/,https://www.youtube.com/watch?v=odpagg0jV6I,False,True,True,False,False,True,False,odpagg0jV6I,youtube#video,T8BA54fpPO-RDefXfvQdx77yYrU,110004.0,300.0,7.0,0.0,21.0,2008-02-04T22:15:37Z,Budweiser Clydesdale Team Commercial,Budweiser Clydesdale Team Super Bowl Commercial,,BudweiserMedia,17.0,90,compound,0.5994
2013,Hynudai,https://superbowl-ads.com/video-hyundai-2013-super-bowl-xlvii-ad-santafe-team/,https://www.youtube.com/watch?v=jvm68nEAU7o,True,True,False,False,True,True,False,jvm68nEAU7o,youtube#video,jofwnd4-6-nXYQFZjZIAi4qVubQ,114478.0,1042.0,11.0,0.0,,2013-01-31T09:13:55Z,2013 Hyundai Santa Fe Big Game Ad : Team (Extended),,https://i.ytimg.com/vi/jvm68nEAU7o/sddefault.jpg,CarsandBikesVideos,2.0,91,compound,0.0
2010,Doritos,https://superbowl-ads.com/hd-exclusive-casket-funeral-doritos-2010-super-bowl-44-xliv-commercial-ad/,https://www.youtube.com/watch?v=2IhJl7mBtls,True,True,False,False,False,False,False,2IhJl7mBtls,youtube#video,p4bYDe4LzDlfH2E9PDN_wlnNT-M,11608.0,22.0,0.0,0.0,3.0,2010-02-09T18:44:58Z,Doritos commercial :casket,Its a miracle!!!,,swaggaoverload78,23.0,92,compound,0.6884
2016,Bud Light,https://superbowl-ads.com/bud-light-2016-super-bowl-50-ad-the-bud-light-party/,https://www.youtube.com/watch?v=e0ez2t6oRWY,True,True,True,True,False,True,False,e0ez2t6oRWY,youtube#video,BBmLzj6KFw4kZTvUVxMy0aoPHzA,487.0,,,0.0,2.0,2016-02-21T11:00:18Z,"Super Bowl 50 - Bud Light: ""The Bud Light Party"" (2016)","A new political party has arrived: the Bud Light Party. This hilariously inspirational spot, which features comedians Seth Rogen and Amy Schumer on the road campaigning for their new party, claimed the 9th spot amongst the top performing commercials on game-day with over 3.6% of the Digital Share Of Voice, a million plus organic views and over 23,000 social actions.

What basically happens is that our two comedians campaign for the Bud Light Party by stumping across America on a platform of unity over division. We as a nation have much in common, like our love of Paul Rudd and beer. Bud Light also shows off its huge, yet manageable, caucus with a motivating speech lifted straight from 1996's ""Independence Day"".

Enjoy!

Everything © 2016 Anheuser-Busch, Inc.",https://i.ytimg.com/vi/e0ez2t6oRWY/sddefault.jpg,Mister Alcohol,24.0,93,compound,0.9883
2019,Toyota,https://superbowl-ads.com/2019-toyota-toni-with-antoinette-harris/,https://www.youtube.com/watch?v=wegrVsP3gK4,False,True,False,False,False,False,False,wegrVsP3gK4,youtube#video,bjInBStHFGqdiIcjwEgJ9y1jC8E,4873.0,32.0,14.0,0.0,5.0,2019-02-04T18:44:49Z,Toyota: RAV4 Hybrid featuring Toni Harris - 2019 Super Bowl Commercial,"VCU Brandcenter Alumni Jeff Fortune (ST, 2009) and his team at Burrell Communications (Dallas)

Wired - Best Super Bowl Ads 2019
https://www.wired.com/story/super-bowl-ads-2019/

#20 on the USA Today 2019 Super Bowl Ad Meter
https://admeter.usatoday.com/commercials/toni/",https://i.ytimg.com/vi/wegrVsP3gK4/sddefault.jpg,VCU Brandcenter,27.0,94,compound,0.9186
2009,Bud Light,https://superbowl-ads.com/2009-bud-light-meeting/,https://www.youtube.com/watch?v=L1fL0ZHX2t0,True,True,False,False,True,False,False,L1fL0ZHX2t0,youtube#video,cgfpSTaVFB-NM9jCnzP5Txtu37k,54079.0,171.0,7.0,0.0,25.0,2009-10-12T04:39:17Z,2009 Super Bowl Ad Bud Light Office Meeting,funny super bowl commercial about bud light,,ZPG96,23.0,95,compound,0.7783
2019,Budweiser,https://superbowl-ads.com/2019-budweiser-wind-never-felt-better/,,False,False,False,False,False,True,False,,,,,,,,,,,,,,,96,compound,0.0
2003,Bud Light,https://superbowl-ads.com/2003-bud-light-yoga/,https://www.youtube.com/watch?v=bcV8WN1YIL4,True,True,False,False,False,False,True,bcV8WN1YIL4,youtube#video,xffHWocazCQqbSyc0WMXD-16v2w,147160.0,53.0,15.0,0.0,2.0,2011-05-26T16:02:34Z,"Bud Light ""Yoga""",,https://i.ytimg.com/vi/bcV8WN1YIL4/sddefault.jpg,Richard D'Alessio,22.0,97,compound,0.0
2019,Coca-Cola,https://superbowl-ads.com/2019-coca-cola-a-coke-is-a-coke/,https://www.youtube.com/watch?v=WTqL_giKNHQ,False,True,True,False,False,True,False,WTqL_giKNHQ,youtube#video,UwTjpJIxka7-Ib7YNVRqjD0E5Pw,81952.0,417.0,56.0,0.0,53.0,2019-01-25T12:52:39Z,Commercial Ads 2019 - Coca Cola - A Coke is a Coke - Super Bowl 2019,,https://i.ytimg.com/vi/WTqL_giKNHQ/sddefault.jpg,Tomi Jaya,24.0,98,compound,0.0
2012,Hynudai,https://superbowl-ads.com/2012-hyundai-genesis-heart/,https://www.youtube.com/watch?v=UxQKSCpOIOI,True,True,False,False,True,False,False,UxQKSCpOIOI,youtube#video,BgjI1Af6zwNFGhyc0T-RKXpR_tc,1264.0,2.0,0.0,0.0,0.0,2013-03-03T08:29:48Z,Hyundai Genesis Coupe 2012 commercial, ,https://i.ytimg.com/vi/UxQKSCpOIOI/sddefault.jpg,dionicus,22.0,99,compound,0.0
2011,Hynudai,https://superbowl-ads.com/2011-hyundai-super-bowl-commercial-hypnotized-video/,https://www.youtube.com/watch?v=5ofcQl6gWeE,True,False,False,False,False,False,False,5ofcQl6gWeE,youtube#video,GmSrUPoBKBp75SNb1SSlWi1QoJE,319.0,0.0,0.0,0.0,0.0,2015-07-07T22:49:30Z,Hyundai Elantra - Another version - Hypnotized  Super Bowl spot commercial 2016,"---------------------------------------------------------

Hello to you within the channel area unit terribly happy the subscription mode within the channel
There area unit videos within the channel terribly pleasurable for every new
All videos, together with Altervhip. Songs . Deiat movies.
Children's cartoon. elegance . Aziah. Everything Trdonh
I hope you watch the fun .

--------------

To participate in the Elkana pressure on the channel link

Channel name  --  Very interesting G

youtube -- https://www.youtube.com/channel/UCQZiSQjPWALFzRSY_wDcShg/videos
youtube -- https://www.youtube.com/channel/UCi58T7wkdxjY1CJsmHehIhA/videos

---------------------------------------------------------",https://i.ytimg.com/vi/5ofcQl6gWeE/sddefault.jpg,Very interesting G,24.0,100,compound,0.8748
2015,Kia,https://superbowl-ads.com/2015-kia-sorento-the-perfect-getaway-with-pierce-brosnan/,https://www.youtube.com/watch?v=nayeYTmEdYw,True,True,False,True,True,True,True,nayeYTmEdYw,youtube#video,Qy0Htn52aiF3Z9uAc9sjKwTbeXE,81049.0,74.0,0.0,0.0,,2015-05-12T15:31:55Z,Kia Sorento Official XLIX Ad with Pierce Brosnan Extended    “The Perfect Getaway”,,https://i.ytimg.com/vi/nayeYTmEdYw/sddefault.jpg,Vladimir Barin,22.0,101,compound,0.0
2014,Budweiser,https://superbowl-ads.com/2014-budweiser-a-heros-welcome/,https://www.youtube.com/watch?v=XxfxB0O9Uuk,False,False,True,False,False,True,False,XxfxB0O9Uuk,youtube#video,q-WAyUjWrdrnvk28Fugctj2f_xI,13141.0,,,0.0,,2015-07-23T20:59:50Z,Budweiser Super Bowl XLVIII Commercial – “A Hero’s Welcome”,,https://i.ytimg.com/vi/XxfxB0O9Uuk/sddefault.jpg,City of Winter Park,25.0,102,compound,0.0
2007,Bud Light,https://superbowl-ads.com/2007-bud-light-rock-scissors-paper/,https://www.youtube.com/watch?v=kH50-giCeDM,True,True,False,False,True,False,False,kH50-giCeDM,youtube#video,9r7VcOOmLd9v8QUrJXEwqWoDRMU,218329.0,309.0,8.0,0.0,29.0,2007-02-05T16:59:54Z,2007 Budweiser Super Bowl Commercial Rock-Paper-Scissors,Bud Light Super Bowl Commercial where two guys Rock-Paper-Scissors for the last bud light.,,bdauer39,24.0,103,compound,0.5994
2008,Hynudai,https://superbowl-ads.com/2008-hyundai-genesis-luxury/,https://www.youtube.com/watch?v=PsKJUnGEGSs,False,True,False,False,False,False,False,PsKJUnGEGSs,youtube#video,Oe0c27NvgF-Y_BCOUQsXE-ofvtk,13312.0,18.0,11.0,0.0,24.0,2008-02-08T02:13:24Z,Hyundai SuperBowl Commercial: 2008Genesis vs. Mercedes & BMW,"This Hyundai Super Bowl Commercial introduces the new 2008 Genesis luxury sedan car. The copy reads, ""More spacious than a BMW 7-series. Priced like a 3-series. Introducing the 375 horsepower Hyundai Genesis. Summer 2008. Think about it.""",,SuperBowl42Comercial,24.0,104,compound,0.7506
2010,NFL,https://superbowl-ads.com/2010-nfl-best-fans-on-the-planet/,https://www.youtube.com/watch?v=6cMHr8goUgU,False,False,True,False,False,False,False,6cMHr8goUgU,youtube#video,2ldyQ6qyMiKnIZT42urM7JGQTRE,91378.0,404.0,14.0,0.0,32.0,2010-02-08T03:02:38Z,NFL - Super Bowl XLIV Best Fans on the Planet (Reggie Bush Slow Motion),"The NFL's Super Bowl 44 commercial that aired on Feb. 7, 2010 featuring Reggie Bush.

Music: Arcade Fire - ""Wake Up""",https://i.ytimg.com/vi/6cMHr8goUgU/sddefault.jpg,ferociousfrankie,17.0,105,compound,0.3612
2005,Pepsi,https://superbowl-ads.com/2005-pepsi-song-in-a-bottle/,https://www.youtube.com/watch?v=vUwROngDC88,True,True,False,False,False,False,False,vUwROngDC88,youtube#video,Xo3V3bep2eJS--IvSH8Mz_MYiCI,111.0,0.0,0.0,0.0,0.0,2018-10-07T12:52:37Z,Pepsi iTunes Free Song Promotion (2005),"https://methodshop.com/2005/02/hacking-pepsis-itunes-giveaway.shtml 
Between February and April 2005, 1 in 3 bottles of Pepsi gave you a special free song code to redeem at the iTunes Music Store. To increase your odds of winning, all you have to do is buy a bottle of Pepsi and look under the cap.",,methodshop,15.0,106,compound,0.8934
2018,Budweiser,https://superbowl-ads.com/41891-2/,https://www.youtube.com/watch?v=GNVw5f16GEM,False,False,True,False,False,False,False,GNVw5f16GEM,youtube#video,k12LEpYsqN3J4zUp6OrT7qN5JZ4,39897.0,138.0,8.0,0.0,8.0,2018-02-01T20:35:53Z,Budweiser 2018 Super Bowl Commercial  “Stand By You”,,https://i.ytimg.com/vi/GNVw5f16GEM/sddefault.jpg,Sport Hub,22.0,107,compound,0.0
2018,Bud Light,https://superbowl-ads.com/bud-light-the-bud-knight/,https://www.youtube.com/watch?v=UizTtcBsNi8,True,True,False,False,True,True,False,UizTtcBsNi8,youtube#video,CUTEX3a3Z3PXdB005M2-IvtURFc,33766.0,144.0,23.0,0.0,17.0,2021-01-15T17:41:05Z,Bud Light Legends - Bud Knight,"When the Bud Light (and Bud Knight) shows up, the party’s saved.
See More Classics at https://www.budlight.com/vault",https://i.ytimg.com/vi/UizTtcBsNi8/sddefault.jpg,Bud Light,10.0,108,compound,0.4215
2004,Bud Light,https://superbowl-ads.com/2004-bud-light-sleigh-ride/,https://www.youtube.com/watch?v=yQ_nU0_R7PE,True,False,False,False,True,True,True,yQ_nU0_R7PE,youtube#video,sEWXV6K2RDxSEKh70JckDk7vTic,88445.0,118.0,6.0,0.0,8.0,2007-12-10T08:46:34Z,Bud Light Sleigh Ride Commercial,Funny Bud Light Superbowl Commercial,,Renee,17.0,109,compound,0.4404
2002,Budweiser,https://superbowl-ads.com/2002-budweiser-anniversary-card/,https://www.youtube.com/watch?v=LnU2T2P1oxA,True,False,False,False,False,False,False,LnU2T2P1oxA,youtube#video,b4qpr76d_k66MEKVQ-9AkA5rB7o,13245.0,49.0,3.0,0.0,0.0,2010-09-03T04:47:38Z,Budweiser True Cards,,,Fernando Ocampo,27.0,110,compound,0.0
2006,Budweiser,https://superbowl-ads.com/2006-budweiser-stadium-crowd-wave/,https://www.youtube.com/watch?v=4WeAvfP1ikU,True,True,False,False,False,False,False,4WeAvfP1ikU,youtube#video,gndGPWJ5bDRegI2dsPyZrPbPtyU,85274.0,78.0,16.0,0.0,10.0,2006-02-06T10:52:23Z,"Super Bowl 2006: Budweiser ""The Wave""","Budweiser 2006 Super Bowl commercial where fans in a stadium create a ""wave"" with signs, pouring a budweiser into a glass and drinking it.",,John Keehler,23.0,111,compound,0.7184
2014,Bud Light,https://superbowl-ads.com/2014-bud-light-up-for-whatever-2/,https://www.youtube.com/watch?v=PnOW5qj_R6A,False,True,False,True,False,True,True,PnOW5qj_R6A,youtube#video,cpsnjmhdvNeFqBRxkzCC6vvSoI0,134186.0,405.0,27.0,0.0,29.0,2014-01-31T22:14:41Z,Bud Light Super Bowl 2014 Commercial - FULL VERSION,"See our review and script at: http://www.adfibs.com/bud-light-2014-super-bowl-commercial-full-version/
Full version of the 2014 Bud Light commercial starring Arnold Schwarzenegger, Minka Kelly, Don Cheadle and Reggie Watts, with music by OneRepublic. Everyone is in on the joke except for Ian Rapoport!",https://i.ytimg.com/vi/PnOW5qj_R6A/sddefault.jpg,AdFibs.Com,24.0,112,compound,0.3595
2009,Coca-Cola,https://superbowl-ads.com/2009-coca-cola-avatar/,https://www.youtube.com/watch?v=Kwke0LNardc,True,False,False,False,False,True,False,Kwke0LNardc,youtube#video,1z6X6m3mxOT-YOeHQfpvfwUiVJM,1452877.0,3511.0,296.0,0.0,523.0,2009-01-31T01:09:16Z,Coca-Cola Avatar,The most meaningful peer-to-peer connections happen face to face.,,CocaColaSuperbowl,1.0,113,compound,0.3804
2014,Bud Light,https://superbowl-ads.com/2014-bud-light-up-for-whatever-1/,,True,True,False,True,False,False,True,,,,,,,,,,,,,,,114,compound,0.0
2003,Bud Light,https://superbowl-ads.com/2003-bud-light-third-arm/,,True,True,False,False,False,False,True,,,,,,,,,,,,,,,115,compound,0.0
2014,Toyota,https://superbowl-ads.com/2014-toyota-highlander-no-room-for-boring/,https://www.youtube.com/watch?v=b01P9PaaoLk,True,True,False,True,False,True,False,b01P9PaaoLk,youtube#video,3N683_42b4ql-BiC6Lg_ERmBlAE,25834.0,140.0,5.0,0.0,18.0,2014-02-03T19:14:10Z,Toyota Highlander - Big Game Ad Starring Terry Crews and the Muppets 2014,,https://i.ytimg.com/vi/b01P9PaaoLk/sddefault.jpg,HalfTime SuperBowl,22.0,116,compound,0.0
2009,Bud Light,https://superbowl-ads.com/2009-bud-light-skier/,https://www.youtube.com/watch?v=LEVQAU_LITI,True,True,False,False,True,False,True,LEVQAU_LITI,youtube#video,TVVWzzUi7U-mVBC9NRc3tjARAjo,30123.0,33.0,2.0,0.0,6.0,2009-02-02T01:37:54Z,Bud Light - Skier Super Bowl XLIII Commercial 2009,"Man uses fellow skiers to explain the difference between Bud Light and other light beers.

Bud Light Skier Super Bowl XLIII Commercial

Honors:
2/2/09
#30 - Most Viewed (Today) - Comedy - Canada
#84 - Most Viewed (Today) - Comedy
#85 - Most Viewed (Today) - Comedy - South Korea",,reggiep08v2,23.0,117,compound,0.9381
2014,Kia,https://superbowl-ads.com/2014-kia-the-truth/,https://www.youtube.com/watch?v=FTNMYoKHwvU,False,False,False,True,True,False,False,FTNMYoKHwvU,youtube#video,xLuSe6KFhaag7LRCves7wOZHSYk,17209.0,198.0,2.0,0.0,10.0,2014-02-13T05:35:32Z,'The Truth'   Official Kia Quoris Morpheus Big Game Commercial 2014,,https://i.ytimg.com/vi/FTNMYoKHwvU/sddefault.jpg,KIA OMAN,2.0,118,compound,0.0
2014,Hynudai,https://superbowl-ads.com/2014-hyundai-elantra-nice/,https://www.youtube.com/watch?v=2jMWybAKjWw,True,True,False,True,True,False,True,2jMWybAKjWw,youtube#video,9IN4zYXq_7jjohSvhxRwKjjs3wI,1874.0,20.0,0.0,0.0,0.0,2014-02-03T19:16:21Z,Nice - Hyundai Elantra - Super Bowl Commercial 2014,,https://i.ytimg.com/vi/2jMWybAKjWw/sddefault.jpg,HalfTime SuperBowl,22.0,119,compound,0.0
2013,Bud Light,https://superbowl-ads.com/video-bud-light-2013-super-bowl-xlvii-commercial-lucky-chair/,https://www.youtube.com/watch?v=7HMTkEMdqBQ,True,True,True,True,True,True,True,7HMTkEMdqBQ,youtube#video,wytmdnDaLQWB_RptlPyGkcCXXr4,546.0,,,0.0,0.0,2013-08-21T07:12:08Z,Super Bowl XLVII - Bud Light: The Lucky Chair (2013),"""It's only weird if it doesn't work. Here we go.""

And, indeed, here we do go again! Bud Light is back once again with this strange but humorous commercial which aired during Super Bowl XLVII. Enjoy!

Everything ©2013 Anheuser-Busch, Inc.",https://i.ytimg.com/vi/7HMTkEMdqBQ/sddefault.jpg,Mister Alcohol,24.0,120,compound,0.9298
2008,Bud Light,https://superbowl-ads.com/2008-bud-light-wheel-suck/,https://www.youtube.com/watch?v=WX8Du9pusdA,True,True,False,False,False,False,False,WX8Du9pusdA,youtube#video,pXmgzBdi2vBXBDym-UYTppEth_0,598260.0,755.0,54.0,0.0,83.0,2008-02-01T22:34:12Z,Bud Light Wheel Suck Commercial,Bud Light Wheel Suck Super Bowl Commercial,,BudBowlXLII,23.0,121,compound,0.25
2003,Budweiser,https://superbowl-ads.com/2003-budweiser-great-listener/,https://www.youtube.com/watch?v=zx4SnN9HuRw,True,True,False,False,False,False,False,zx4SnN9HuRw,youtube#video,qAn_9JBeqSKxYm3bfXkHGtpCUTo,27378.0,18.0,2.0,0.0,0.0,2010-01-04T19:29:19Z,Budweiser great listener,Men are such good listeners.......,,Adrian Ciocoiu,24.0,122,compound,0.4404
2013,Bud Light,https://superbowl-ads.com/video-bud-light-2013-super-bowl-xlvii-ad-journey/,https://www.youtube.com/watch?v=leptS7k6sLE,True,True,False,True,False,False,False,leptS7k6sLE,youtube#video,8jYF2UW5xcwBmmF7z8YiaCdHiWM,394.0,1.0,0.0,0.0,0.0,2013-09-01T05:29:21Z,Super Bowl Ad 2013 Bud Light Journey Stevie Wonder,,https://i.ytimg.com/vi/leptS7k6sLE/sddefault.jpg,Iulian Craciun,22.0,123,compound,0.0
2011,Doritos,https://superbowl-ads.com/2011-doritos-pug-attack/,https://www.youtube.com/watch?v=1A6frF5zfDE,True,True,False,False,True,True,False,1A6frF5zfDE,youtube#video,IVgAcyH-KgjKaSQFgdwSZoUd4DU,122388.0,561.0,8.0,0.0,25.0,2011-06-20T23:59:47Z,Doritos pug attack commercial original,This is the Doritos pug attack commercial as seen on the superbowl brought to you by TvAdCentral.,https://i.ytimg.com/vi/1A6frF5zfDE/sddefault.jpg,Thomas Myzia,23.0,124,compound,-0.4767
2005,Bud Light,https://superbowl-ads.com/2005-bud-light-skydiver/,https://www.youtube.com/watch?v=Y9wyIID8Khs,True,False,False,False,False,False,False,Y9wyIID8Khs,youtube#video,JdPfQKdk26uO5zc_dhJZgnwXGeE,16997.0,69.0,3.0,0.0,2.0,2021-01-15T17:41:05Z,Bud Light Legends - Skydiver,"A cold Bud Light always feels good going down.
See More Classics at https://www.budlight.com/vault",https://i.ytimg.com/vi/Y9wyIID8Khs/sddefault.jpg,Bud Light,10.0,125,compound,0.4404
2005,Budweiser,https://superbowl-ads.com/2005-budweiser-tryouts/,,True,False,False,False,False,True,False,,,,,,,,,,,,,,,126,compound,0.0
2014,Doritos,https://superbowl-ads.com/2014-doritos-time-machine/,https://www.youtube.com/watch?v=Y-P0Hs0ADJY,True,True,False,False,False,True,False,Y-P0Hs0ADJY,youtube#video,MmpQz673GZ8w7Ka26pwUvK1rwv4,7952240.0,18729.0,1430.0,0.0,607.0,2013-11-17T22:52:21Z,Doritos Time Machine - Crash the Super Bowl 2014 WINNER OFFICIAL,"INIMITABLE VISCERAL CREATOR - Raising The Vibration of the World One Story at a Time!

Thank you for watching this video. Your comments and questions are welcomed, so please take a second and say hi!
--
► Subscribe to My Channel Here https://www.youtube.com/user/RyanThomasAndersen

  Ryan Thomas Andersen was born March 20, 1985, in Phoenix, Arizona. Growing up, Ryan was very artistic: he loved drawing, movies, and music of all genres. After graduating from Arcadia High School in 2003, Ryan went to Scottsdale Community College to study film. After 2 semesters he dropped out to work on a feature film as a non-paid PA in Superior, AZ. Ryan would soon go on to write, direct, shoot, and edit several short films winning numerous film awards, becoming the most leading filmmaker of Arizona by 2012. Andersen then went on to win the global contest Doritos Crash The Super Bowl in 2014 with his commercial 'Time Machine' which aired during the SuperBowl, becoming an immediate favorite for over 100 million people. In March 2014, he began creating the concept for IM'perfect. Andersen's Visceral Experience, IM'perfect marks the beginning of his grand entrance to the world of feature length cinema, and was named 'BEST ARIZONA FEATURE', along with, 'FILMMAKER of the YEAR' in 2017. 

----
Follow Me Online Here:

Instagram: http://instagram.com/littleKING.love
Facebook: http://facebook.com/RyanThomasAndersen
Snapchat: http://snapchat.com/add/littleKING.love
Website: http://littleKING.love
Soundcloud: https://soundcloud.com/user-129382129
Twitter: http://twitter.com/littleKINGrta
IM'PERFECT Movie: https://www.visceralperception.com/store",https://i.ytimg.com/vi/Y-P0Hs0ADJY/sddefault.jpg,Ryan Thomas Andersen,23.0,127,compound,0.99
2008,Bud Light,https://superbowl-ads.com/2008-bud-light-wine-cheese-party/,https://www.youtube.com/watch?v=aEWtTVaIH0M,True,False,False,False,False,False,False,aEWtTVaIH0M,youtube#video,plFLAZxRZdOL2EQLtijcC8-xztg,555734.0,414.0,58.0,0.0,45.0,2008-02-01T22:05:19Z,Bud Light Wine & Cheese Party Commercial,Bud Light Wine & Cheese Party Super Bowl Commercial,,BudBowlXLII,23.0,128,compound,0.765
2012,Pepsi,https://superbowl-ads.com/2012-pepsi-kings-court/,https://www.youtube.com/watch?v=3rZs8ZKTsp0,False,True,False,True,False,False,False,3rZs8ZKTsp0,youtube#video,bkL_dWrlKt608UpWMa8pvZzfiNI,582575.0,1526.0,138.0,0.0,304.0,2012-02-03T16:36:54Z,Super Bowl 2012 Commercial: Pepsi - King's Court,"Discover more on: http://www.facebook.com/adawardscom

Super Bowl XLVI Pepsi commercial

Starring Elton John, Glee and X Factor

Agency: TBWA\Chiat\Day",https://i.ytimg.com/vi/3rZs8ZKTsp0/sddefault.jpg,selectionadawards,22.0,129,compound,0.8542
2012,Doritos,https://superbowl-ads.com/2012-doritos-mans-best-friend/,https://www.youtube.com/watch?v=kMmd0WaQFGE,True,False,False,False,True,True,False,kMmd0WaQFGE,youtube#video,G-QQPwfeFXPWCafHe6NchJ9xPes,86928.0,130.0,12.0,0.0,6.0,2014-11-06T15:01:28Z,Doritos Crash the Superbowl Winner 2012 - Man's Best Friend,"The original, high-resolution commercial. We shot it, we created it; this is the real one, folks. Winner of the #1 Ad on the traditional USA Today Ad-Meter for Superbowl XLVI in 2012. Starring L. Derek Leonidoff, Huff the Great Dane diJulio. Written/Directed/Edited by Jonathan Friedman, Assistant Directed by Matthew Friedman.",https://i.ytimg.com/vi/kMmd0WaQFGE/sddefault.jpg,Frame25 Productions,24.0,130,compound,0.9042
2012,Toyota,https://superbowl-ads.com/2012-toyota-camry-its-reinvented/,https://www.youtube.com/watch?v=oYdJKey7VpU,True,True,False,False,True,True,True,oYdJKey7VpU,youtube#video,m4ZcSJCY6OGIpOvXql6oZuJ4jcM,116294.0,1153.0,13.0,0.0,56.0,2012-02-05T18:28:12Z,Toyota Camry 2012 Super Bowl Commercial shows Reinvented Possibilities,"http://www.MotorcarLife.com : This commercial shown in a 2012 Super Bowl / Big Game Commercial discusses how Toyota reinvented the 2012 Camry, and also explored other areas for reinvention including a Couch (Female & Male), DMV, Baby, Blender, Plants, Police Officer, Curtains, and Rain.",https://i.ytimg.com/vi/oYdJKey7VpU/sddefault.jpg,autos4saleinsider,2.0,131,compound,0.5994
2016,Doritos,https://superbowl-ads.com/doritos-2016-super-bowl-50-ad-ultrasound/,https://www.youtube.com/watch?v=Qh_gOK6xDNA,True,True,False,False,False,False,False,Qh_gOK6xDNA,,,,,,,,,,,,,,132,compound,0.0
2002,Bud Light,https://superbowl-ads.com/2002-bud-light-falcon/,https://www.youtube.com/watch?v=ZBD4dYTpYAU,True,True,False,False,True,True,True,ZBD4dYTpYAU,youtube#video,24YnTVCbrFZF3v_CaVsX9lI4GHM,3548.0,13.0,0.0,0.0,0.0,2017-12-26T08:00:04Z,Bud Light - Hawk Superbowl XXXVI Commercial,An actual funny commercial from the Super Bowl...,,Unknown Classics!,24.0,133,compound,0.7783
2002,Bud Light,https://superbowl-ads.com/2002-bud-light-robobash/,https://www.youtube.com/watch?v=oJvsWvaTr4w,True,False,False,False,True,False,False,oJvsWvaTr4w,youtube#video,V0PmdH2yEm7zj3aeyllkn_1GZfw,63129.0,178.0,5.0,0.0,15.0,2008-05-29T10:34:49Z,Bud Light Battle Bot commercial,Bud Light Beer Fridge Battle Bot commercial.,,Bartlett373,23.0,134,compound,-0.3818
2013,E-Trade,https://superbowl-ads.com/video-etrade-baby-2013-super-bowl-xlvii-commercial-save-it/,https://www.youtube.com/watch?v=F0nhq4GO90s,True,True,False,False,False,True,False,F0nhq4GO90s,youtube#video,aYVtlrZEBFcFG8y9sMMz0hxR07Y,139.0,1.0,0.0,0.0,,2013-02-04T03:24:40Z,E TRADE Baby Super Bowl Commercial  Save It,Smh,https://i.ytimg.com/vi/F0nhq4GO90s/sddefault.jpg,JungleJuice2000,24.0,135,compound,-0.3182
2008,Bud Light,https://superbowl-ads.com/2008-bud-light-breathe-fire/,https://www.youtube.com/watch?v=AhqPl1IKVo4,True,True,False,False,True,True,False,AhqPl1IKVo4,youtube#video,dFZeCFa59kLExLFDTL68qXGbHXo,24595.0,26.0,3.0,0.0,5.0,2008-02-04T01:12:21Z,Budweiser breath fire superbowl commercial,"Budweisers breathing fire superbowl commercial.

Super bowl commercial
Super bowl commercial
Super bowl commercial
Super bowl commercial
Super bowl commercial
Super bowl commercial
Super bowl commercial
Budweiser fire
Budweiser fire
Budweiser fire
Budweiser fire
Budweiser fire
Budweiser fire
Budweiser fire
Budweiser fire",,Reijer Kolle,17.0,136,compound,0.8934
2012,Coca-Cola,https://superbowl-ads.com/2012-coca-cola-arghh-ny-bear/,https://www.youtube.com/watch?v=jhvAXT9R_3U,False,True,False,False,False,True,False,jhvAXT9R_3U,youtube#video,DiZS5Mqvr31sC3vkwdffFZ-Dlyc,15776.0,63.0,4.0,0.0,2.0,2013-05-25T19:32:12Z,Coke Coca Cola Polar Bears Super Bowl Open Happiness Campaign 'Argh' TVC Commercial Advert in 2012,"Coke Coca Cola Polar Bears Super Bowl Open Happiness Campaign 'Argh' TVC Commercial Advert in 2012. A polar bear stops watching the game and roars 'Argh' in frustration into an Arctic ice cave, startling other bears, seals, and a 'lost' penguin! For more information on this famous soft drink look no further than the corporate website at - http://www.coca-cola.com -- ""Dr John S Pemberton invented Coca-Cola on 8 May 1886 in Atlanta, Georgia. He tried it out on customers at his local chemist, Jacobs' Pharmacy, where it proved so popular it immediately went on sale at five cents a glass. It was Dr Pemberton's friend and business partner, Frank M Robinson, who came up with the name Coca-Cola and wrote it out by hand in the Spencerian script that we still use as our logo ... The Coca-Cola Company is the world's leading manufacturer, marketer and distributor of non-alcoholic beverage concentrates and syrups, and produces over 500 brands. The Coca-Cola Company continues to be based in Atlanta, USA, with operations in over 200 countries.""",,Travel Links Directory,19.0,137,compound,0.9218
2004,Pepsi,https://superbowl-ads.com/2004-pepsi-jimi-hendrix/,https://www.youtube.com/watch?v=NOOmu1Rz17Y,True,True,False,False,False,False,False,NOOmu1Rz17Y,youtube#video,eDAKp0h7ms8vpfdW0MD2iwp9pZE,55676.0,222.0,9.0,0.0,26.0,2010-03-14T17:56:01Z,Jimi Hendrix Pepsi Vs Coca Cola Commercial,"Funny Video how Jimi Hendrix First Started.




""Copyright Disclaimer Under Section 107 of the Copyright Act 1976, allowance is made for ""fair use"" for purposes such as criticism, comment, news reporting, teaching, scholarship, and research. Fair use is a use permitted by copyright statute that might otherwise be infringing. Non-profit, educational or personal use tips the balance in favor of fair use.""",,rorys50,24.0,138,compound,0.8225
2010,Doritos,https://superbowl-ads.com/hd-exclusive-dog-shock-collar-doritos-commercial-super-bowl-44-2010-super-bowl-xliv/,https://www.youtube.com/watch?v=UBaZDWIs3fs,True,True,False,False,True,True,False,UBaZDWIs3fs,youtube#video,CVv0NSzl8pSUQbSjcziF0Pc2_Ww,132054.0,273.0,18.0,0.0,15.0,2010-02-08T01:33:11Z,"Doritos SuperBowl Commercial - ""Dog Shock Collar""","Guy offers his dog Doritos if he can bark.....But his dog has a better idea.
---------------------------------------------------------------------------------------------------------------------
This post may contain copyrighted material the use of which has not always been specifically authorized by the copyright owner. I believe this constitutes a ""fair use"" of any such copyrighted material as provided for in section 107 of the US Copyright Law. In accordance with Title 17 U.S.C. Section 107, the material in this post is distributed without profit to those who have expressed a prior interest in receiving the included information for research and entertainment purposes.",,DrewSch8,24.0,139,compound,0.8222
2012,Kia,https://superbowl-ads.com/2012-kia-optima-drive-the-dream-extended-version/,https://www.youtube.com/watch?v=9RI6OGXq11Y,True,False,False,True,False,False,True,9RI6OGXq11Y,youtube#video,9R2qYH37961fdc51iGBTweNoECg,56257.0,396.0,5.0,0.0,42.0,2012-02-14T13:28:18Z,A Dream Car. For Real Life - 2012 Kia Optima Big Game Full Commercial - Extended Version,"he new 2012 Kia Optima is tearing up the track with Adriana Lima, Chuck Liddell and Motley Crue.",https://i.ytimg.com/vi/9RI6OGXq11Y/sddefault.jpg,Hendy Group,2.0,140,compound,-0.6369
2012,NFL,https://superbowl-ads.com/2012-nfl-timeline/,https://www.youtube.com/watch?v=CPr4-P19NtE,False,True,False,True,False,False,False,CPr4-P19NtE,youtube#video,Zrd8AbwaJ9K-av8O1IzJKspb5CE,403641.0,1980.0,42.0,0.0,206.0,2012-02-03T23:55:12Z,NFL Timeline,"Watch football evolve from its humble beginnings into America's favorite sport in the NFL's new 2012 Super Bowl commercial, ""Timeline."" 
Then explore the history of Player Health & Safety at http://nfl.com/evolution",,NFLSuperBowlAd,17.0,141,compound,0.8658
2005,Bud Light,https://superbowl-ads.com/2005-bud-light-sharon/,,True,True,False,False,False,False,True,,,,,,,,,,,,,,,142,compound,0.0
2010,Hynudai,https://superbowl-ads.com/hd-exclusive-2010-super-bowl-xliv-commercial-with-brett-favre-hyundai-commercial/,https://www.youtube.com/watch?v=KqAWv2wCW8I,False,False,False,True,False,False,False,KqAWv2wCW8I,youtube#video,feGcc1YtCMg6cfGnfFZDgeJByiA,176547.0,306.0,11.0,0.0,84.0,2010-02-04T17:20:09Z,[HD] Super Bowl 2010 Commercial with Brett Favre | New Hyundai Super Bowl 44 XLIV Commercial,"Hyundai is the biggest spender in the 2010 Super Bowl 44 XLIV game! Brett Favre is featured in this commercial as a 50 year old quarterback who wins the MVP award in the 2020 Super Bowl. Hyundai outspent other advertisers, such as Pepsi, GoDaddy, Doritos, Coca-Cola, Monster, CareerBuilder, E-Trade, and many more! This commercial is sure to become a Super Bowl classic!

For more Hyundai Super Bowl commercials, please visit http://www.HyundaiSuperBowl.com.

For more information on Hyundai models, such as the Hyundai Sonata, Hyundai Tucson, Hyundai Genesis, and more, please visit http://www.worldhyundaimtteson.com.

http://www.worldhyundaimatteson.com
http://www.facebook.com/worldhyundai
http://www.twitter.com/worldhyundaiusa
http://www.worldhyundaiblog.com
http://www.hyundaisuperbowl.com
http://www.chicago-car-credit.com

World Hyundai Matteson is Chicago's leading dealer of new and used Hyundais. World Hyundai has continued to exceed Hyundai USA's expectations in new vehicle sales. Our personnel are trained tirelessly in our philosophy as well as the Hyundai product itself. World Hyundai Matteson serves customers from all across Illinois and Indiana, including Chicago, Joliet, Tinley Park, Orland Park, Calumet City, Schaumburg, Countryside, Aurora, Naperville, Bourbonnais, Kankakee, Merrillville IN, and Highland IN.

World Hyundai Matteson
5337 Miller Circle
Matteson, IL 60443
(866) 583-9211
sales@worldhyundaimatteson.com

Visit our World Hyundai Community Page on NING!
http://www.myworldhyundai.com",https://i.ytimg.com/vi/KqAWv2wCW8I/sddefault.jpg,World Hyundai Matteson,24.0,143,compound,0.9861
2004,Bud Light,https://superbowl-ads.com/2004-bud-light-paintball/,https://www.youtube.com/watch?v=qbS0gF3YdBg,True,True,False,False,True,False,False,qbS0gF3YdBg,youtube#video,Iu0TdsddVDRziWLIF227-m2tyzk,561.0,6.0,0.0,0.0,1.0,2010-09-07T15:09:18Z,Bud Light Paintball Commercial.avi, ,,70R0N70,29.0,144,compound,0.0
2008,Bud Light,https://superbowl-ads.com/2008-bud-light-x-ray-vision/,https://www.youtube.com/watch?v=cOEMI8HRhlA,True,True,False,False,False,False,True,cOEMI8HRhlA,youtube#video,61iU8EOYpvYm79LtcTQ_dYAY5H8,166102.0,161.0,10.0,0.0,24.0,2008-10-27T10:54:59Z,Bud Light Commercial - X-Ray Vision,Funny Bud Light commercial,,oktopan,26.0,145,compound,0.4404
2016,Toyota,https://superbowl-ads.com/pokemon-2016-super-bowl-50-ad-20-years-2/,https://www.youtube.com/watch?v=KLkQ9c9-QFI,True,False,False,False,True,False,False,KLkQ9c9-QFI,,,,,,,,,,,,,,146,compound,0.0
2006,Bud Light,https://superbowl-ads.com/2006-bud-light-magic-fridge/,https://www.youtube.com/watch?v=67dRRrRz2t8,True,True,False,False,False,False,False,67dRRrRz2t8,youtube#video,9SYOs1EmFUzH1GeM9IMv1TEnxdE,95355.0,328.0,14.0,0.0,9.0,2012-12-17T18:18:48Z,Funny Bud Light Commercial Secret Magic Fridge,guy tries to hide his beer from friends but ends up giving it away for free,,FunniestAds,24.0,147,compound,0.85
2007,Coca-Cola,https://superbowl-ads.com/2007-coca-cola-happiness-factory/,https://www.youtube.com/watch?v=NwZpO6saPxI,False,True,False,False,False,True,False,NwZpO6saPxI,youtube#video,MwStIJBm6GJQAkyYQXsygKqw3Mk,11311.0,29.0,3.0,0.0,1.0,2008-12-07T21:31:15Z,Coca-Cola Happiness Factory commercial HD,wonderful Coca-Cola tv commercial,,tmx643,1.0,148,compound,0.5719
2007,Budweiser,https://superbowl-ads.com/2007-budweiser-dalmatian/,https://www.youtube.com/watch?v=esOPYOeotTU,False,False,False,False,True,True,False,esOPYOeotTU,youtube#video,Kzcw082LYhDi5AQGXE7Y1Y90euU,48035.0,47.0,2.0,0.0,1.0,2014-03-09T16:21:42Z,2014 Super Bowl Commercial Budweiser Dalmatian - 2007 Super Bowl Commercial TVC,"2014 Super Bowl Commercial Budweiser Dalmatian - 2007 Super Bowl Commercial
Advertisement  Ads Best Ad",,Best Funny TVC Commercials n Trailers,24.0,149,compound,0.9186
2013,Doritos,https://superbowl-ads.com/video-doritos-2013-super-bowl-xlvii-ad-fashionista-daddy/,https://www.youtube.com/watch?v=w_2k5LMeduc,True,True,False,False,False,False,False,w_2k5LMeduc,youtube#video,cD94C-OlS2iftgaoNiJD9VEf0Lg,1404745.0,2491.0,359.0,0.0,,2012-12-31T05:22:05Z,Fashionista Daddy - Doritos Commercial,Fashionista Daddy is a TOP 5 FINALIST for the Doritos Crash the Super Bowl Contest.  Please visit http://bit.ly/VoteFashionistaDaddy to vote for it to air in the SUPER BOWL!,https://i.ytimg.com/vi/w_2k5LMeduc/sddefault.jpg,Cindy Doritos,24.0,150,compound,0.8588
2010,Bud Light,https://superbowl-ads.com/hd-exclusive-bud-light-auto-tune-t-pain-2010-superbowl-44-xliv-commercial-ad/,https://www.youtube.com/watch?v=bDhjcP02GQg,True,True,False,True,False,False,False,bDhjcP02GQg,youtube#video,YHbi5ie-krEgS8aasff6tK39yEU,34565.0,100.0,6.0,0.0,15.0,2010-02-08T01:52:12Z,t-pain bud light superbowl 44 commercial hd,best superbowl 44 commercial in hd,https://i.ytimg.com/vi/bDhjcP02GQg/sddefault.jpg,corymahler1,17.0,151,compound,0.6369
2009,Doritos,https://superbowl-ads.com/2009-doritos-power-of-the-crunch/,https://www.youtube.com/watch?v=7DZao4kN73M,True,True,False,False,True,True,True,7DZao4kN73M,youtube#video,DeVG4SAvMtc0kyW_F6oYgau5OQw,640393.0,1921.0,215.0,0.0,208.0,2009-01-31T23:48:04Z,Power of the Crunch,2009 Doritos Crash The Superbowl Finalist,https://i.ytimg.com/vi/7DZao4kN73M/sddefault.jpg,DoritosCTSB,24.0,152,compound,-0.4019
2009,Coca-Cola,https://superbowl-ads.com/2009-coke-zero-mean-troy/,https://www.youtube.com/watch?v=XKFUcEkIbEg,True,True,False,True,True,False,False,XKFUcEkIbEg,youtube#video,T5vCNqWF-T1kbFpIZmltxQmlgNQ,45799.0,99.0,7.0,0.0,21.0,2009-02-02T06:06:22Z,Mean Troy - Coke Zero Super Bowl Ad,The 1980 Super Bowld ad redone for the 2008 super bowl,,LakaiSkater3,17.0,153,compound,0.8316
2009,Pepsi,https://superbowl-ads.com/2009-pepsi-anthem/,https://www.youtube.com/watch?v=WIzKwJmYLNs,False,False,True,True,True,False,False,WIzKwJmYLNs,youtube#video,9yeJo55b0TdYwGKheSZhqfKOdUg,1294.0,7.0,0.0,0.0,2.0,2009-08-09T23:12:05Z,Pepsi Super Bowl 2009 Commercial: Anthem,http://www.funnycommercialsworld.com/ Pepsi Super Bowl 2009 Commercial: Anthem,https://i.ytimg.com/vi/WIzKwJmYLNs/sddefault.jpg,FunnyAdsWorldCom,10.0,154,compound,0.5994
2001,E-Trade,https://superbowl-ads.com/2001-etrade-dot-com-ghost-town/,https://www.youtube.com/watch?v=ONZFkqzuMjI,False,False,False,False,True,True,False,ONZFkqzuMjI,youtube#video,ZxSbsLFdKgww7vniHFTXjouhl_Q,103433.0,167.0,7.0,0.0,3.0,2006-11-25T00:50:12Z,E-Trade Chimp On a Horse TV Commercial,E-Trade Chimp On a Horse 2001 super bowl commercial,,Nikos Kapsomenakis,24.0,155,compound,0.5994
2018,Bud Light,https://superbowl-ads.com/bud-light-ye-olde-pep-talk/,https://www.youtube.com/watch?v=xza7T89Lda4,True,True,False,False,True,True,False,xza7T89Lda4,youtube#video,B5inFXZgjZqW3C8U9ajiWHyJQbw,41441.0,224.0,7.0,0.0,9.0,2018-01-21T23:46:31Z,Bud Light | Battle Pep Talk Dilly Dilly,Bud Light | Battle Pep Talk Dilly Dilly,https://i.ytimg.com/vi/xza7T89Lda4/sddefault.jpg,Timmy Shouts,22.0,156,compound,-0.3818
2015,Doritos,https://superbowl-ads.com/2015-doritos-cheesy-pirates/,,True,False,False,False,True,False,True,,,,,,,,,,,,,,,157,compound,0.0
2010,Kia,https://superbowl-ads.com/hd-exclusive-kias-big-game-commercial-2010-super-bowl-44-xliv-ad/,https://www.youtube.com/watch?v=7q2yVq6fDEg,True,True,False,False,False,True,True,7q2yVq6fDEg,youtube#video,Buvi9zljz3Cg3WTL3o9dko3Nm8U,50850.0,92.0,4.0,0.0,11.0,2010-02-07T19:56:19Z,Kia - Big Game (2010 Super bowl Ad),"Kia's entrance into the world of Super bowl Ad Campaigns! In the biggest advertising campaign in the companies history, Kia has released this commercial featuring some quite literal party ""animals"". Did I mention they're stuffed, too?

See more 2010 Super bowl ads @ http://unbuyestauto.com.

Add is copyright © Kia Motors.
Kia is making it's entrance into the Super bowl commercial world. What do you think of their first Super bowl ad? Let us know what you think in the comments or on the website!",,UnbuyestAuto,2.0,158,compound,0.7859
2008,Doritos,https://superbowl-ads.com/2008-doritos-mouse-trap/,https://www.youtube.com/watch?v=h8qgk5tXuUA,True,True,False,False,True,False,False,h8qgk5tXuUA,youtube#video,0sjReyo_Qs7kkRY6IdLRZMpQOzU,232124.0,988.0,31.0,0.0,96.0,2008-02-04T18:43:56Z,"Funny Super Bowl Commercial 2008 - Doritos: ""Mouse Trap""","Superbowl Ads - Doritos: ""Mouse Trap""

Watch more hilarious commercials on 
http://ClearBroadcasting.com",,ClearBroadcasting,17.0,159,compound,0.1761
2012,Coca-Cola,https://superbowl-ads.com/2012-coca-cola-superstition/,https://www.youtube.com/watch?v=x1nttVdja9s,False,True,False,False,False,True,False,x1nttVdja9s,youtube#video,Af6F_IeVKyG26gQ9oL-Qehbytpw,10925.0,71.0,18.0,0.0,3.0,2013-10-28T06:50:01Z,"Coke 2012 Commercial - Coca-Cola Open Happiness - ""Superstition""","We all have our game day superstitions. Even Polar Bears. 
http://www.CokePolarBowl.com #GameDayPolarBears",https://i.ytimg.com/vi/x1nttVdja9s/sddefault.jpg,Coca-Cola Open Happiness,22.0,160,compound,0.0
2011,Hynudai,https://superbowl-ads.com/2011-hyundai-super-bowl-commercial-deprogramming-video/,https://www.youtube.com/watch?v=32d5c_IW2Xc,False,False,False,False,False,True,False,32d5c_IW2Xc,youtube#video,nDC5blF0yAf-uaTuP5c28S6w18s,92.0,1.0,0.0,0.0,0.0,2016-05-27T11:10:55Z,"Hyundai ""Deprogramming""","Mesmerizing mess

Before you look at this spot check your bank account so there's enough money to buy a new hyundai, that's the idea with this hypnotic spot, you'll get deprogrammed to wake up and get rid of your tiny compact car from the other car brands! We are no longer allowed to show flash frames of a brands product in the cinema commercial block, but this is ok so far

Director: StyleWar  lient: Hyundai  Agency: Innocean Worldwide Americas  Produced by: Smuggler L.A.  Post Production: StyleWar",https://i.ytimg.com/vi/32d5c_IW2Xc/sddefault.jpg,StylewarSweden,1.0,161,compound,-0.7133
2008,Coca-Cola,https://superbowl-ads.com/2008-coca-cola-political-parties/,https://www.youtube.com/watch?v=2_LWZe2BGaE,True,True,True,True,False,False,False,2_LWZe2BGaE,youtube#video,BZRphIMjDDFy4XmBqgBJ7lsU2RE,14267.0,36.0,2.0,0.0,7.0,2008-02-05T08:17:44Z,Coca-Cola: Political Parties (Super Bowl 42 Commercial),Aired during the 4th quarter.,,5uperBowl42,24.0,162,compound,0.0
2000,Bud Light,https://superbowl-ads.com/2000-bud-light-she-has-a-cat/,,True,False,False,False,True,True,True,,,,,,,,,,,,,,,163,compound,0.0
2019,Kia,https://superbowl-ads.com/2020-kia-telluride-give-it-everything/,https://www.youtube.com/watch?v=sS8dkRhDirY,False,False,True,False,False,True,False,sS8dkRhDirY,youtube#video,j0v8O6ogPcje6Bkl-ptNKf2T5Ec,1460.0,,,0.0,,2019-12-19T19:45:59Z,2019 Super Bowl Kia Telluride,,https://i.ytimg.com/vi/sS8dkRhDirY/sddefault.jpg,Carol Bamford,27.0,164,compound,0.0
2002,Bud Light,https://superbowl-ads.com/2002-bud-light-satin-sheets/,https://www.youtube.com/watch?v=-LwSb4cCAnw,True,False,False,False,True,False,True,-LwSb4cCAnw,youtube#video,RlCXqkdt6mV1fyjeN0QOw2bjy2M,67452.0,270.0,15.0,0.0,7.0,2013-01-29T22:17:05Z,Bud Light - Satin Sheets,Bud Light 2002 Super Bowl Commercial.,,SuperBowlsSpots,22.0,165,compound,0.5994
2013,Kia,https://superbowl-ads.com/video-2013-kia-super-bowl-xlvii-commercial-space-babies/,https://www.youtube.com/watch?v=k5vbGQb7jR0,True,False,False,False,False,True,True,k5vbGQb7jR0,youtube#video,lJZLrjgIwMN1oTYeWWe-y0cmVJg,10338.0,39.0,2.0,0.0,1.0,2013-11-08T06:13:04Z,"KIA SORENTO ""SPACE BABIES""","TVC :60
Agency: DAVID&GOLIATH
Director: JAKE SCOTT
Production:RSA
Animation/VFX: METHOD STUDIOS   http://www.methodstudios.com

Method VFX supervisor Andy Boyd in New York: ""As if making a CG rhino in a spacesuit wasn't cool enough, we got to animate him screaming and praying for his life as he re-entered the atmosphere in a rocket pod. 

""Realizing the baby planet and populating it with CG animals required a concerted effort during pre-production to prep the assets ahead of the shoot. CG supervisor Brian Burke led a creature team that involved the creation of over ten different types of CG animals as well as their customized spacesuits. 

""We were able to take tools from prior jobs and make it modular in a way that allowed individual artists to use them across different characters. The work done by one artist on previous jobs could be shared across the whole team.

""For outer space, director Jake Scott wanted an ethereal look similar to the formation sequence from the film 'The Tree of Life'. Scott consulted with 'Tree of Life' VFX supervisor and Method senior creative director Dan Glass about his approach to capturing these elements in-camera. Production built two large liquid containers that were shot as a B-unit during the shoot. Method used this footage as a basis for the space environments and added detail in matte painting and compositing.

""All of the animal assets were deep into development ahead of principal photography. As plates were coming back from production, the lighting team would have first pass renders in the scenes within days. The instantaneous workflow allowed clients very early access to animation and look development as they edited the piece.

""The Babylandia planet's lush landscapes were based on conceptual renderings from Method London and derived from aerial footage shot in Kauai, Hawaii by Method VFX producer Mike Wigart. The Los Angeles team, led by artists Chris Sanchez and Zach Christian, executed matte painted backgrounds for Babylandia and Earth. 

Schedule: three months.

For David & Goliath 
EP: Christopher Coleman 
Managing partner/client services: Brian Dunbar 
Group account director: Brook Dore 
Account director: Justin Manfredi 
Account supervisor: Emma Giorgi 
Account executive: Rachel Greenlee 
Director of strategic planning: David Measer 
Sr. strategic planner: Steven Garcia 

For RSA Films
Director: Jake Scott 
President: Jules Daly 
EP: Tracie Norfleet 
Bidding producer: Paul Kawasaki 
Producer: David Mitchell 
DOP: Dariusz Wolski 
Production designer: Tom Foden 

For Method Studios 
SVP of production: Gabby Gourrier 
EP: Stephanie Gilgar 
Producer: Mike Wigart 
Production coordinator: Marisa Bursteen 
Visual FX supervisor: Andy Boyd 
CG supervisors: Brian Burke, Charles Abou Aad 
Animation lead: Jordan Harris 
Compositing supervisor: Patrick Ferguson 
Integration supervisor: Fabio Zapata 
Modeling lead: Lersak Bunupuradah 
Rigging lead: Yakov Baytler 
FX lead: Jonathan Vaughan 

Music/sound design: Human 
Final mix: Margarita Mix
Mixer: Nathan Dubin

Toolkit
Nuke",https://i.ytimg.com/vi/k5vbGQb7jR0/sddefault.jpg,Stash Magazine,1.0,166,compound,0.6172
2008,Pepsi,https://superbowl-ads.com/2008-pepsi-every-sip-with-justin-timberlake/,https://www.youtube.com/watch?v=AKKM8sP24BE,True,False,False,True,True,False,True,AKKM8sP24BE,youtube#video,66KiHbpPdjlUwBEnPFMztZmxnTA,236941.0,594.0,14.0,0.0,65.0,2009-01-17T07:54:08Z,Justin Timberlake Pepsi Ad,"Andy Samberg and Tony Romo are in it too, if anyone cares.",,krazytyme,24.0,167,compound,0.4588
2019,Bud Light,https://superbowl-ads.com/2019-bud-light-special-delivery/,https://www.youtube.com/watch?v=eIlX0Gg0GRI,True,True,False,False,True,False,False,eIlX0Gg0GRI,,,,,,,,,,,,,,168,compound,0.0
2011,Hynudai,https://superbowl-ads.com/2011-hyundai-super-bowl-commercial-anachronistic-city-video/,https://www.youtube.com/watch?v=-BVMOKtawUk,False,False,False,False,False,False,False,-BVMOKtawUk,youtube#video,Yeesbid_1wdu_6eoZK4R02HdrTQ,56.0,0.0,0.0,0.0,0.0,2012-05-21T09:45:55Z,Hyundai - Anachronistic City.mp4,"Anúncio Hyundai
O Slogan do anúncio é ""E se nos contentássemos com a primeira coisa que nos aparece?"" Resposta: ""Não existiria este Hyundai""",https://i.ytimg.com/vi/-BVMOKtawUk/sddefault.jpg,Kali II,24.0,169,compound,0.0
2008,Bud Light,https://superbowl-ads.com/2008-bud-light-language-of-love/,https://www.youtube.com/watch?v=Ao0x4zsb724,True,True,True,True,False,False,True,Ao0x4zsb724,youtube#video,G9QUoC_eDhiukW-HQS5kOZrnvSE,729583.0,588.0,180.0,0.0,119.0,2008-02-01T22:22:55Z,Bud Light Language of Love Commercial,Bud Light Language of Love Super Bowl Commercial,,BudBowlXLII,23.0,170,compound,0.8442
2008,Bud Light,https://superbowl-ads.com/2008-bud-light-jackie-moon-will-ferrell/,https://www.youtube.com/watch?v=ecqiZn2DDFQ,True,True,False,True,False,False,True,ecqiZn2DDFQ,youtube#video,IgEr_XTV3IJLj79NWVKLxJN18hc,1060001.0,1384.0,121.0,0.0,180.0,2008-02-02T21:06:05Z,Bud Light Jackie Moon TV Commercial,Bud Light Jackie Moon Super Bowl TV Commercial,,BudBowlXLII,23.0,171,compound,0.5994
2010,E-Trade,https://superbowl-ads.com/hd-exclusive-e-trade-baby-girlfriend-2010-superbowl-44-xliv-commercial-ad/,https://www.youtube.com/watch?v=tbLTl7egwlU,True,True,False,False,False,False,True,tbLTl7egwlU,youtube#video,xkKC9o3sMb6eI8Ff03PRhBAVcg0,1046640.0,1206.0,58.0,0.0,204.0,2010-02-08T02:51:01Z,E-Trade Baby Girlfriend Super Bowl Commercial 2010,"E-Trade Baby Girlfriend Super Bowl Commercial 2010

Copyright Infringment Not Intended",,FunnyInternetVids,24.0,172,compound,0.5994
2013,Budweiser,https://superbowl-ads.com/video-budweiser-black-crown-2013-super-bowl-xlvii-ad-celebration/,https://www.youtube.com/watch?v=2WNvlXoDs7w,False,True,False,False,False,False,True,2WNvlXoDs7w,youtube#video,eW5K4N-jUNX018b33PCK1iRtSOE,236.0,1.0,0.0,0.0,0.0,2013-02-07T03:48:14Z,Budweiser Black Crown - Celebration - Super Bowl 2013 Ads,Budweiser Black Crown - Celebration - Super Bowl 2013 Ads,,Target Latino,24.0,173,compound,0.5994
2001,Pepsi,https://superbowl-ads.com/2001-pepsi-roller-coaster/,https://www.youtube.com/watch?v=MwfL-DkL1Vg,True,True,False,False,False,False,True,MwfL-DkL1Vg,youtube#video,brsxLGGCSjcFZLCzE71XgXlyCnY,65162.0,109.0,4.0,0.0,38.0,2007-08-02T02:11:49Z,funny pepsi commercial,the most coolest commercial in the world,,shai1209,22.0,174,compound,0.0
2018,Coca-Cola,https://superbowl-ads.com/diet-coke-twisted-mango-groove/,https://www.youtube.com/watch?v=nkGd47iB-wU,False,True,False,False,False,False,True,nkGd47iB-wU,youtube#video,feoCz5slSxBN-Nz9yyZZlKGoVR0,179.0,1.0,0.0,0.0,0.0,2020-02-24T20:20:40Z,"Diet Coke Twisted Mango Super Bowl 2018 TV Commercial, 'Groove' Ft  Hayley Magnus","All Super Bowl commercials, visit our site: http://www.super-bowl-commercials.com",https://i.ytimg.com/vi/nkGd47iB-wU/sddefault.jpg,Super Bowl Commercials,22.0,175,compound,0.5994
2003,Bud Light,https://superbowl-ads.com/2003-bud-light-upside-down-clown/,https://www.youtube.com/watch?v=DTvxyDwP2CA,True,True,False,False,False,False,False,DTvxyDwP2CA,youtube#video,A4ALkruYZbn9Axtn5d7eK3eIBBA,177285.0,229.0,10.0,0.0,32.0,2007-06-16T01:22:34Z,Bud Light commercial - upside down clown,funniest ever,,davey boy phelan,23.0,176,compound,0.5574
2011,Pepsi,https://superbowl-ads.com/2011-pepsi-max-love-hurts/,https://www.youtube.com/watch?v=r4eyQBvcBUA,True,True,False,False,True,False,True,r4eyQBvcBUA,youtube#video,lqXciI1GDfUxo6FyZ-MPLfnrVVs,204026.0,476.0,159.0,0.0,9.0,2014-01-17T00:07:33Z,PEPSI MAX - LOVE HURTS,"Pepsi Max commercial, Crash the Super Bowl winner.
Broadcast during Super Bowl XLV.",https://i.ytimg.com/vi/r4eyQBvcBUA/sddefault.jpg,bbosley,1.0,177,compound,0.872
2018,E-Trade,https://superbowl-ads.com/etrade-commercial-this-is-getting-old/,https://www.youtube.com/watch?v=Qx5-AZlfjp4,True,False,True,False,False,False,True,Qx5-AZlfjp4,youtube#video,6kC72wjgwYxiqheTN3n0ZW8RJAo,34440.0,178.0,11.0,0.0,15.0,2018-02-05T00:21:08Z,"ETrade ""This Is Getting Old"" 2018 Super Bowl Commercial","ETrade ""85 and Getting Old"" 2018 Super Bowl Commercial
https://www.youtube.com/watch?v=lponfpPvUAU",https://i.ytimg.com/vi/Qx5-AZlfjp4/sddefault.jpg,Crew Hound,22.0,178,compound,0.5994
2016,Budweiser,https://superbowl-ads.com/budweiser-2016-super-bowl-50-ad-not-backing/,https://www.youtube.com/watch?v=to4dhysGYD0,False,True,True,False,False,True,False,to4dhysGYD0,youtube#video,CybsBxwUw99FhjsatwnOZtBpuYI,6432.0,,,0.0,2.0,2016-02-21T11:08:46Z,"Super Bowl 50 - Budweiser: ""Not Backing Down"" (2016)","From the brewery to the hands of the people, various footage gives us a behind-the-scenes glance at Budweiser and highlights people drinking (not sipping) it. Bands and athletes shower themselves in the beer to celebrate, and it's enjoyed on the dance floor as well as at the bar -- just not with fruit, which is why the man drinking it at the bar flicks the lemon slice off his glass. It's not a hobby, not small, not soft. The Budweiser Clydesdales are not ponies, the beer is not imported and it's not backing down. Budweiser says it's not for everyone, but this Bud's for you.

Enjoy!

Everything © 2016 Anheuser-Busch, Inc.

P.S. Featuring the song ""One Days"" by Baauer (or however the smeg that artist's name is spelt).",https://i.ytimg.com/vi/to4dhysGYD0/sddefault.jpg,Mister Alcohol,24.0,179,compound,0.8626
2008,Coca-Cola,https://superbowl-ads.com/2008-coca-cola-its-mine/,https://www.youtube.com/watch?v=-ACk9mRky5k,True,True,False,True,True,True,False,-ACk9mRky5k,youtube#video,qC_fZutKGOA_Y9TEwY-XIKy_1VY,62538.0,217.0,4.0,0.0,29.0,2008-10-05T03:35:32Z,"Coca Cola ""It's Mine"" Super Bowl commercial","Coca Cola ""It's Mine""",,alohawarriorchief,24.0,180,compound,0.0
2013,Kia,https://superbowl-ads.com/video-kia-forte-2013-super-bowl-xlvii-commercial-hot-bots/,https://www.youtube.com/watch?v=yhPBzlB6VJI,True,True,False,False,True,False,True,yhPBzlB6VJI,youtube#video,QJIxFHo6EhqCus0VIcBtV3xxp0U,28847.0,154.0,10.0,0.0,30.0,2013-02-02T21:59:20Z,"Kia 'Hot Bots' - 2014 Kia Forte Super Bowl XLVII Car Ad (HD) ""Respect the tech"" - Official TV Spot","One of the likely memorable, among the 50 featured, commercials appearing in the 2013 XLVII Super Bowl February 03.

Kia's ""Hot Bots"" Superbowl Ad Starring 'Hot Bot' Former Miss USA Alyssa Campanella.

Kia released its ""Hot Bot"" Super Bowl ad February 1st. On youtube, which features former Miss USA Alyssa Campanella. When one unsuspecting auto enthusiast gets a little too touchy-feely with the all-new 2014 Kia Forte compact sedan he learns a valuable lesson from a futuristic robot. The 30 second spot was directed by Carl Erik Rinsch and will air sometime during the third quarter of the big game this Sunday.

[From Kia Motors Press] ""The all-new 2014 Kia Forte is designed for those who love technology. And nobody loves technology more than sexy high-tech robots. Watch as our two beautiful hotbots unveil the new Forte at a press event. Things take an unexpected turn after one reporter gets a little too close to their prized possession.""


""Respect the tech.""

NOTE - Join Kia on Game Day ad conversation on Twitter with @Kia using #HotBots

Interested in the star of our upcoming Big Game car ad? To learn more about the Kia Forte, visit:

http://www.kia.com/forte/ 
http://www.facebook.com/kiaforte 
http://twitter.com/kia 
https://plus.google.com/+kia/posts

Hotbot or Not, you gotta like the new Forte! And this awesome new commercial from Kia (when is this not the case right?)  Come check out and test drive a new Forte today!

Copyright 2013 - Kia Motors America - All Rights Reserved",https://i.ytimg.com/vi/yhPBzlB6VJI/sddefault.jpg,garveyauto,2.0,181,compound,0.8013
2014,Coca-Cola,https://superbowl-ads.com/2014-coca-cola-its-beautiful/,https://www.youtube.com/watch?v=D4BC8zUfNhU,False,True,True,False,False,True,False,D4BC8zUfNhU,youtube#video,eDnd1pK-mA-QH8yF-QpjAGJP7hc,92878.0,450.0,88.0,0.0,139.0,2014-02-03T00:56:01Z,"Coca Cola Super Bowl Commercial 2014 ""Its Beautiful"" HD 720p","2014 Super Bowl Ads, Top Super Bowl Commercials 2014, Super Bowl Ads ""Bud Light"" ""Doritos"" ""Audi"" ""Pepsi"", Arnold Schwarzenegger Table Tennis, Arnold Schwarzenegger Ping Pong, Bud Light Super Bowl Ads 2014, Bud Light Super Bowl Commercials 2014, Arnold paid 3 million for commercial, Arnold Ping Pong, Arnold Table Tennis

Best Superbowl Commercials Compilation 2014
The Top 10 Countdown
Doritos
Budweiser
Audi
Volkswagen
Kia Matrix
Bud Light
Scarlett Johansson Soda Stream
M&M
Go Daddy
puppy love

Tags:
""doritos commercial""
""super bowl commercials 2014""
""superbowl commercials 2014""
""funny superbowl commercials 2014""
funny banned commercials 2014
sexy super bowl commercials 2014
best and funny super bowl ads
superbowl ads 2014
funny super bowl commercials compilation
turbotax
chevrolet commercial world cancer day
""squarespace"" commercial
""transformers 4 trailer"" 2014

apple Super Bowl commercial , apple trailer, apple ad, 
the amazing spiderman trailer 2014 commercial super bowl
2014 Failure Epic Lol Owned Noob Ownage ""november fail compilation 2014"" ""fail compilation december 2014"" ""monthly fails december"" ""monthly fails december 2014"" ""monthly fails"" ""december fails 2014"" mf monthly fails fail compilation december 2014 Failure Epic Lol Owned Noob Ownage Hilarious Funny Videos MonthlyFailz Monthly Failz Best Fails of the Week 2014 win wins

""maserati"" ""sports car"" ""Ferrari"" 

+ ""January fail compilation 2014"" ""fail compilation January 2013"" ""monthly fails January"" ""monthly fails January 2013"" ""monthly fails"" ""January fails 2013"" mf monthly fails fail compilation January 2013 Failure Epic Lol Owned Noob Ownage ""January fail compilation 2013"" ""fail compilation January 2013"" ""monthly fails January"" ""monthly fails January 2013"" ""monthly fails"" ""January 2013"" mf monthly fails fail compilation January 2013 Failure Epic Lol Owned Noob Ownage ""January fail compilation 2013"" ""fail compilation January 2013"" ""monthly fails January"" ""monthly fails January 2013"" ""monthly fails"" ""January fails 2013"" mf monthly fails fail compilation January 2013 Failure Epic Lol Owned Noob Ownage Hilarious Funny Videos MonthlyFailz Monthly Failz Best Fails of the Week 2013 queen latifah national anthem 2014 Super Bowl 

Jaguar 2014 Big Game Commercial
Bud Light Arnold Schwarzenegger Super Bowl Commercial 2014
Volkswagen Game Day Teaser
Draft Day Super Bowl Commercial 2014
Chevy Super Bowl Commercial '""Romance""
Volvo XC70 Zlatan Ibrahimovic Commercial 2014
Budweiser Super Bowl XLVIII Commercial 'Puppy Love'
Kia Matrix Super Bowl Commercial 2014
Doritos Super Bowl Commercial 2014
M&Ms Super Bowl Commercial ""Gang Star""
Taco Bell Game Day Super Bowl Commercial ""Grandpa Goes Wild""
Audi Big Game Commercial ""Doberhuahua""
M&Ms Super Bowl Ad ""Choclates""
Sorry Coke and Pepsi (Sodastream)

Tags to help find this compilation:
NFL Super Bowl 2014 (XLVIII)
super bowl 2014, super bowl XLVIII, super bowl xlviii commercial, super bowl commercials 2014, best superbowl commercial, super bowl commercials, super bowl doritos commercial, super bowl b commercial budweiser 2014, super bowl ads 2014, funniest super bowl commercials 2014, top 10 super bowl commercials, super bowl xlviii ads, banned super bowl commercials 2014, funniest super bowl commercials of 2014, big game commercials 2014, top 10 funniest super bowl commercials, best ads super bowl 2014, super bowl xlviii funniest commercials, top 20 funniest commercials super bowl xlviii, super bowl commercials compilation 2014, super bowl commercials mashup coca cola",https://i.ytimg.com/vi/D4BC8zUfNhU/sddefault.jpg,Trailer Tube,24.0,182,compound,0.9993
2012,Budweiser,https://superbowl-ads.com/2012-budweiser-return-of-the-king/,https://www.youtube.com/watch?v=TieDNumMwOc,False,True,True,False,False,True,False,TieDNumMwOc,youtube#video,fbpZkHpHusIgAqoPtTWEu3JQyhQ,10.0,0.0,0.0,0.0,0.0,2019-05-14T10:33:01Z,Budweiser Return of the King 2012 Super Bowl commercial,"Most funny commercials, Funniest commercials, :funny commercials, Best super bowl commercials, Best commercials:loving ads, Funny ads, Top ads, Best commercials, Best ads network for blogger, Best ads ever, Best ads, Best, Ads, Ads",https://i.ytimg.com/vi/TieDNumMwOc/sddefault.jpg,Best Ads Channel,22.0,183,compound,0.9941
2004,Bud Light,https://superbowl-ads.com/2004-bud-light-fergus/,https://www.youtube.com/watch?v=j7QA9oHpduk,True,True,False,False,True,True,False,j7QA9oHpduk,youtube#video,3hpCZ8fFsDDG6l-VCbx9JyJDeuQ,5699.0,27.0,1.0,0.0,0.0,2015-08-06T00:34:11Z,Bud Light Ad   Fergus Bud Light Bad dog!,,,Mr. Goodstuff,22.0,184,compound,0.0
2007,Bud Light,https://superbowl-ads.com/2007-bud-light-class-with-carlos-mencia/,https://www.youtube.com/watch?v=670X2MCWzK0,True,True,False,True,False,False,False,670X2MCWzK0,youtube#video,vnqi9wdyGDnxixg6h7tkhD7c_kc,955616.0,1301.0,134.0,0.0,194.0,2007-02-05T04:23:12Z,Super Bowl XLI Commercial -Bud Light Starring: Carlos Mencia,"Carlos Mencia trys to teach some immigrants how Bud light gets it done!

Hilarious!!!!
Carlos Mencia
Carlos Mencia
Carlos Mencia
Super Bowl Commercial
Super Bowl Commercial
Super Bowl Commercial
Bud Light
Bud Light
Bud Light
XLI 
XLI 
XLI 
XLI 
XLI 
Super Bowl Commercial XLI 
Super Bowl Commercial XLI
Super Bowl Commercial XLI",,gocubs19,23.0,185,compound,0.9789
2007,Budweiser,https://superbowl-ads.com/2007-budweiser-don-shula-vs-jayz/,https://www.youtube.com/watch?v=YnGpb8lbPOI,False,False,False,True,False,False,False,YnGpb8lbPOI,youtube#video,lY3uOJLULqi-BJ8VjPZcuqY9OAU,186.0,0.0,0.0,0.0,0.0,2015-09-28T18:21:03Z,Universal Casting Budweiser Commercial,"Budweiser Select ""Don Shula/ Jay Z. Bold Taste, Clean Finish, Expect Everything"" Commercial",,Universal Casting,24.0,186,compound,0.6486
2019,Kia,https://superbowl-ads.com/2019-kia-the-great-unknowns-what-if/,https://www.youtube.com/watch?v=nONhop0Kq-E,False,False,True,False,False,False,False,nONhop0Kq-E,youtube#video,n3T8sYjBVAr2dcW4gupJQhOqjdI,518.0,2.0,1.0,0.0,0.0,2019-01-25T17:08:54Z,Commercial Ads 2019 - KIA - The Great Unknowns – What If?,,https://i.ytimg.com/vi/nONhop0Kq-E/sddefault.jpg,Tomi Jaya,24.0,187,compound,0.0
2002,Budweiser,https://superbowl-ads.com/2002-budweiser-tushy/,,True,True,False,False,False,False,True,,,,,,,,,,,,,,,188,compound,0.0
2010,E-Trade,https://superbowl-ads.com/hd-exclusive-e-trade-baby-first-class-2010-super-bowl-44-xliv-commercial-ad/,https://www.youtube.com/watch?v=tVrE5-eiSNA,True,False,False,False,False,False,False,tVrE5-eiSNA,,,,,,,,,,,,,,189,compound,0.0
2003,Bud Light,https://superbowl-ads.com/2003-bud-light-mother-in-law/,https://www.youtube.com/watch?v=RuIXFuwLb2s,True,True,False,False,False,False,False,RuIXFuwLb2s,youtube#video,29Hx20Cd8A2cV505BnHUW9XHEWI,175482.0,268.0,15.0,0.0,32.0,2008-01-03T02:43:15Z,Bud Light Commercial-Mother-in-Law,This commerical is so funny. Hope you enjoy it.,,Candee Kisses,24.0,190,compound,0.8784
2018,Toyota,https://superbowl-ads.com/toyota-2018-big-game-ad-one-team/,https://www.youtube.com/watch?v=QwF3ipuNyfc,True,True,True,False,False,False,False,QwF3ipuNyfc,youtube#video,54gdRLGX05HI--tx9CbfLliLcYU,353513.0,1448.0,222.0,0.0,231.0,2018-02-03T14:44:03Z,Toyota Super Bowl 2018 Commercial (one team),"Sports Fans Unite in Toyota’s Super Bowl Commercial “One Team”

Toyota is returning to the 2018 Super Bowl like never before using sports to unite and inspire during three ads in the most-watched television event of the year. The final spot to be released is from the domestic U.S., longtime campaign “Let’s Go Places,” empowering viewers to see what they’re capable of when fans unite through sports. For the first time in the company’s history, Toyota will have three primetime commercials which will be airing in the first quarter, halftime and second half.  
 
Prior to the halftime show and following the Toyota Halftime Report and a throw from NBC Sports anchor Dan Patrick, Toyota’s 60-second ad, “One Team,” features an amusing, light-hearted narrative illustrating how people from diverse backgrounds unite to celebrate the spirit of what brings them together, their shared passion of sports. 
 
“This is an unprecedented opportunity for our team at Toyota to share messages of unity, friendship, diversity and perseverance,” says Ed Laukes, group vice president, Toyota Marketing, Toyota Motor North America. “With the Super Bowl and the Olympics just days apart on NBC, we’re excited to join fans’ enthusiasm for these two world-class events and connect with them by sharing meaningful and inspiring TV spots.”
 
View the 60-second “One Team.” Previously released were Toyota’s 60-second “Good Odds” which celebrates the automaker’s evolution to a mobility company and its eight-year global sponsorship of The Olympic Games and Paralympic Games; and the 30-second spot “Mobility Anthem” highlighting Toyota’s belief that when you are free to move, anything is possible. To view, visit YouTube.com/Toyota. 
 
The “Lets Go Places” TV spot “One Team” was created by Saatchi & Saatchi and directed by veteran filmmaker Ivan Zacharias. The “Start Your Impossible” TV commercials were developed by Toyota’s agencies of record, Saatchi & Saatchi and Dentsu, with “Good Odds” directed by esteemed director Aoife McArdle and “Mobility Anthem” directed by acclaimed director John Hillcoat.

SUBSCRIBE: https://goo.gl/pL84j2

New Car Videos: https://goo.gl/5nPYXv
Google+: https://goo.gl/QWO4jX
YouTube: https://www.youtube.com/c/AlphaSQUADofficial
Facebook: https://www.facebook.com/AlphaSQUADofficial
Instagram: https://www.instagram.com/AlphaSQUADofficial
Website: http://www.AlphaSQUADofficial.com
Twitter: https://twitter.com/AlphaSQUAD_1
Snapchat: AlphaSQUAD_1
Submit Your Video: as.official2015@gmail.com",https://i.ytimg.com/vi/QwF3ipuNyfc/sddefault.jpg,Alpha SQUAD official,2.0,191,compound,0.9963
2003,Budweiser,https://superbowl-ads.com/2003-budweiser-instant-replay/,https://www.youtube.com/watch?v=hM79LTkT7ek,True,True,False,False,False,True,False,hM79LTkT7ek,youtube#video,ul2Mu7We6GEHd7-PocLMkdqArF0,2732.0,8.0,0.0,0.0,1.0,2012-12-12T19:37:25Z,"Budweiser ""Instant Replay"" 2003","Another spot in the ""Football Playing Clydesdales"" series that ran during the 2003 Super Bowl. Here they have to call in the zebra to help with a call.",,BetterBrandsSC,22.0,192,compound,0.8126
2013,Budweiser,https://superbowl-ads.com/video-budweiser-2013-super-bowl-xlvii-ad-the-clydesdales-brotherhood/,https://www.youtube.com/watch?v=eJucRz8kYo0,False,True,False,False,False,True,False,eJucRz8kYo0,youtube#video,ZV0YbYy8vSrkPjw2MZhhTwM-3Ak,246619.0,2225.0,64.0,0.0,67.0,2013-01-31T21:08:09Z,"The Clydesdales ""Brotherhood"" - 2013 Budweiser Super Bowl  [Commercial]",http://www.pegasebuzz.com/leblog,https://i.ytimg.com/vi/eJucRz8kYo0/sddefault.jpg,PegaseBuzz,1.0,193,compound,0.0
2010,Budweiser,https://superbowl-ads.com/hd-exclusive-budweiser-body-bridge-2010-super-bowl-44-xliv-commercial-ad/,https://www.youtube.com/watch?v=IQHlA9qKJv4,True,True,True,False,False,True,False,IQHlA9qKJv4,youtube#video,hHrIixPFdrmAJ0DX6vkB2ZShXeY,42.0,1.0,0.0,0.0,0.0,2012-07-02T17:25:32Z,Budweiser - Body Bridge (2010) [HD], ,https://i.ytimg.com/vi/IQHlA9qKJv4/sddefault.jpg,Aires De Bares,24.0,194,compound,0.0
2003,Bud Light,https://superbowl-ads.com/2003-bud-light-no-pets-allowed/,https://www.youtube.com/watch?v=BKexURCYxtk,True,True,False,False,False,True,False,BKexURCYxtk,youtube#video,EYpo0MFcbT2Q23op_-ocOxXfpgk,16083.0,60.0,3.0,0.0,1.0,2010-02-13T20:18:29Z,Budweiser - No dogs allowed,Mitica pubblicità della Bud!,,Denis Billi,24.0,195,compound,0.0
2002,E-Trade,https://superbowl-ads.com/2002-etrade-monkey-musical/,https://www.youtube.com/watch?v=SK1i1iyE7RA,True,True,False,False,False,True,True,SK1i1iyE7RA,youtube#video,nkUGM_LeLJp9GJKyXqpYU1OZAUs,1361.0,9.0,0.0,0.0,0.0,2018-02-10T11:29:30Z,"E*TRADE Financial - Monkey Musical (2002, USA)",The success of the chimp from a couple years back encourages E*TRADE to use him again - to mixed results. Directed by Bryan Buckley at Hungry Man.,https://i.ytimg.com/vi/SK1i1iyE7RA/sddefault.jpg,The Hall of Advertising,23.0,196,compound,0.765
2006,Budweiser,https://superbowl-ads.com/2006-budweiser-on-the-roof/,https://www.youtube.com/watch?v=q05QIp5qbnY,True,True,False,False,True,False,False,q05QIp5qbnY,youtube#video,oDH606GFezTRZVTfMV57q7AE-lM,120196.0,167.0,15.0,0.0,10.0,2006-02-06T11:08:37Z,"Super Bowl 2006: Bud Light ""On the Roof""",Bud Light commercial from the 2006 Super Bowl where husbands pretend to do work on their roofs but drink beer instead.,,John Keehler,23.0,197,compound,0.3071
2012,Coca-Cola,https://superbowl-ads.com/2012-coca-cola-catch-ne-bear/,https://www.youtube.com/watch?v=S2nBBMbjS8w,False,True,False,False,True,True,False,S2nBBMbjS8w,youtube#video,s-dEYCfZCeT2l04P-2z6LNX71pk,22849816.0,92333.0,42386.0,0.0,592.0,2012-02-04T00:12:24Z,"Coke 2012 Commercial: ""Catch"" starring NE_Bear","This game day spot will change depending on the circumstances. If the 2nd quarter is particularly stressful, then NE_Bear will relieve some tension when his friends toss him a Coke...if he can catch it. http://www.CokePolarBowl.com #GameDayPolarBears",https://i.ytimg.com/vi/S2nBBMbjS8w/sddefault.jpg,Coca-Cola,24.0,198,compound,-0.0754
2019,Bud Light,https://superbowl-ads.com/2019-bud-light-trojan-horse-occupants/,https://www.youtube.com/watch?v=nScg3KmA_6k,True,True,False,False,False,False,False,nScg3KmA_6k,youtube#video,ikXXyKWKDbaLnjju-ABXsDB4zUQ,125.0,2.0,0.0,0.0,0.0,2019-10-19T00:00:06Z,Bud Light When the Trojan horse goes wrong Commercial,"#Superbowl #Commercials #Budweiser

Here are the Best commercials from the 2019 Super Bowl. 

Tell me in the comments which commercial you liked the best?
 
---------------------------------------------------------------------------------------------------------------

Super Bowl LIII was an American football game between the three-time defending American Football Conference (AFC) champion New England Patriots and the National Football Conference (NFC) champion Los Angeles Rams to determine the champion of the National Football League (NFL) for the 2018 season. The Patriots defeated the Rams by the score of 13-3. The game was a rematch of Super Bowl XXXVI, in which the Patriots, led by second-year head coach Bill Belichick and back-up quarterback Tom Brady, defeated the Rams, who played in St. Louis at the time, 20–17, and won their first Super Bowl. The game was played on February 3, 2019, at Mercedes-Benz Stadium in Atlanta, Georgia. This was the third Super Bowl in Atlanta, which previously hosted Super Bowl XXVIII in 1994 and Super Bowl XXXIV in 2000 at the Georgia Dome.",https://i.ytimg.com/vi/nScg3KmA_6k/sddefault.jpg,Red Shirt Media,1.0,199,compound,0.995
2007,Toyota,https://superbowl-ads.com/2007-toyota-tundra-see-saw/,https://www.youtube.com/watch?v=D81uh6I-2Q4,False,True,False,False,False,False,False,D81uh6I-2Q4,youtube#video,JkQTKbeZ32GBp55oQzk0tEUlpTc,286010.0,221.0,62.0,0.0,114.0,2007-02-03T04:41:28Z,Toyota Tundra See Saw,2007 Toyota Tundra,,TundraSBSpot,2.0,200,compound,0.0
2014,Hynudai,https://superbowl-ads.com/2014-hyundai-genesis-dads-sixth-sense/,https://www.youtube.com/watch?v=CyK63f0I1P0,True,False,False,False,True,False,True,CyK63f0I1P0,youtube#video,BfU08f-SBBZcYDDPTpyVs479Zr8,32557.0,202.0,7.0,0.0,5.0,2016-08-22T17:58:19Z,Cool Hyundai Super Bowl Commercial (2014) Dad's Sixth Sense - Hyundai Genesis,"For our cool Super Bowl Ads collection: This is a wonderful Super Bowl Commercial from Hyundai Genesis, ""Dad's Sixth Sense"". In the ad, a dad rescues his son multiple times as he's growing up - the Dad's sixth sense. Then when it was time for driver's ed., this time the auto safety braking of the Hyundai Genesis saves the day, as the son is distracted by a sexy girl crossing the street flirting with him. Accident avoided. What do you think? One of the best of 2014? Learn more at http://www.HyundaiGenesis.com.",https://i.ytimg.com/vi/CyK63f0I1P0/sddefault.jpg,Test Drive,2.0,201,compound,0.97
2006,Pepsi,https://superbowl-ads.com/2006-diet-pepsi-jackie-chan/,https://www.youtube.com/watch?v=sx0i7WgBOvs,True,True,False,True,True,False,False,sx0i7WgBOvs,youtube#video,EYN5rRAQE5OtePg97W__VwNJUGE,69440.0,70.0,7.0,0.0,11.0,2007-01-12T23:45:55Z,Jackie Chan Diet Pepsi Ad,Jackie's Diet Pepsi TV commercial shown during Super Bowl XL - 2006.,,JCForum,24.0,202,compound,0.5994
2006,Pepsi,https://superbowl-ads.com/2006-diet-pepsi-brown-and-bubbly/,https://www.youtube.com/watch?v=d8f-PiELHls,True,True,False,True,False,False,True,d8f-PiELHls,youtube#video,K4LEVNiGWvDlesTAuYXH8fbDhec,6430.0,45.0,0.0,0.0,10.0,2006-08-10T02:34:30Z,Brown & Bubbly,The greatest music video done by a soda can,,stryke519,23.0,203,compound,0.6369
2015,Pepsi,https://superbowl-ads.com/pepsi-2015-super-bowl-xlix-ad-halftime-touches-down/,https://www.youtube.com/watch?v=IUU_ygKs3jA,False,True,False,False,False,True,False,IUU_ygKs3jA,youtube#video,pUc1s09l6cAgvu964FAsnQXIOQQ,998.0,3.0,0.0,0.0,0.0,2015-02-02T07:00:29Z,Pepsi Super Bowl 2015  Halftime Touches Down Official   Hyped for Halftime   Pepsi,,https://i.ytimg.com/vi/IUU_ygKs3jA/sddefault.jpg,Raeg Raeg,22.0,204,compound,0.0
2012,Bud Light,https://superbowl-ads.com/2012-bud-light-platinum-factory/,https://www.youtube.com/watch?v=3LPLXuHlOCI,False,True,False,False,False,False,False,3LPLXuHlOCI,youtube#video,z_jPGeOATSxx6CV9obeE6DKO0n8,21314.0,29.0,5.0,0.0,14.0,2012-02-06T03:05:17Z,Bud Light Platinum - Factory 2012 Super Bowl Commercial,"Bud Light Platinum - Factory 2012 Super Bowl Commercial 
I am not affiliated with Bud Light, All rights are reserved to Bud Light.",https://i.ytimg.com/vi/3LPLXuHlOCI/sddefault.jpg,SuperBowl2012Comms,22.0,205,compound,0.5994
2009,Doritos,https://superbowl-ads.com/2009-doritos-crystal-ball/,https://www.youtube.com/watch?v=Fdz0Q0GiEcc,True,True,False,False,True,False,False,Fdz0Q0GiEcc,youtube#video,byP_4Z-EA2nry9ldAP8v2WceaTA,20130.0,46.0,6.0,0.0,4.0,2009-02-02T04:12:57Z,Super Bowl 2009 Ad - Doritos Crystal Ball,Doritos Crystal Ball High Def,,ShortPunt,17.0,206,compound,0.0
2006,Budweiser,https://superbowl-ads.com/2006-budweiser-streaker/,https://www.youtube.com/watch?v=Zb3fhsfs6ZU,True,False,False,False,False,True,True,Zb3fhsfs6ZU,youtube#video,LLUEEfG584eEnyVN84GxnKnBgZ0,746836.0,2179.0,78.0,0.0,95.0,2009-01-16T21:18:36Z,Budweiser 'Lamb Streaker',Who needs to see a sheep streaking during a game?,,CBS,24.0,207,compound,0.0
2014,Bud Light,https://superbowl-ads.com/2014-bud-light-cool-twist/,https://www.youtube.com/watch?v=_l1nWWiut0I,False,True,False,False,False,False,False,_l1nWWiut0I,youtube#video,6JXigaom9D5sYRkdxjC7891kiA4,9649.0,32.0,2.0,0.0,1.0,2014-02-03T02:26:48Z,Cool Twist   2014 Super Bowl XLVIII Commercial  Bud Light,Vote for your favorites Super Bowl Commercials 2014 at http://votesuperbowlads.com/ or http://votesuperbowlcommercials.com/,https://i.ytimg.com/vi/_l1nWWiut0I/sddefault.jpg,Super Bowl,17.0,208,compound,0.7717
2005,Pepsi,https://superbowl-ads.com/2005-diet-pepsi-pdiddy/,https://www.youtube.com/watch?v=eXfNnSOOoVc,True,True,False,True,False,False,True,eXfNnSOOoVc,youtube#video,ADhEdbXkrVHodR6ll1UY8A4P23Q,43983.0,93.0,5.0,0.0,13.0,2006-03-31T13:32:41Z,Pepsi Truck Commercial,P.Diddy sets a new trend within the cars stars use,,bobbysr,23.0,209,compound,0.0
2005,Bud Light,https://superbowl-ads.com/2005-bud-light-cedric-stranded/,https://www.youtube.com/watch?v=Q5Hu_FBUIsk,True,True,False,True,False,True,True,Q5Hu_FBUIsk,youtube#video,R_HCqypuDt6rx8JX6DU3K7wTXwY,3183.0,4.0,0.0,0.0,1.0,2009-07-07T18:07:27Z,Bud Lighta Cedric a Island Fantasy 2005,Bud Lighta Cedric a Island Fantasy 2005,,omon007,24.0,210,compound,0.0
2005,Bud Light,https://superbowl-ads.com/2005-bud-light-cedric-stranded/,https://www.youtube.com/watch?v=Q5Hu_FBUIsk,True,True,False,True,False,True,True,Q5Hu_FBUIsk,youtube#video,R_HCqypuDt6rx8JX6DU3K7wTXwY,3183.0,4.0,0.0,0.0,1.0,2009-07-07T18:07:27Z,Bud Lighta Cedric a Island Fantasy 2005,Bud Lighta Cedric a Island Fantasy 2005,,omon007,24.0,211,compound,0.0
2005,Bud Light,https://superbowl-ads.com/2005-bud-light-cedric-stranded/,https://www.youtube.com/watch?v=Q5Hu_FBUIsk,True,True,False,True,False,True,True,Q5Hu_FBUIsk,youtube#video,R_HCqypuDt6rx8JX6DU3K7wTXwY,3183.0,4.0,0.0,0.0,1.0,2009-07-07T18:07:27Z,Bud Lighta Cedric a Island Fantasy 2005,Bud Lighta Cedric a Island Fantasy 2005,,omon007,24.0,212,compound,0.0
2005,Bud Light,https://superbowl-ads.com/2005-bud-light-cedric-stranded/,https://www.youtube.com/watch?v=Q5Hu_FBUIsk,True,True,False,True,False,True,True,Q5Hu_FBUIsk,youtube#video,R_HCqypuDt6rx8JX6DU3K7wTXwY,3183.0,4.0,0.0,0.0,1.0,2009-07-07T18:07:27Z,Bud Lighta Cedric a Island Fantasy 2005,Bud Lighta Cedric a Island Fantasy 2005,,omon007,24.0,213,compound,0.0
2007,Bud Light,https://superbowl-ads.com/2007-bud-light-apes-plan/,https://www.youtube.com/watch?v=osn2rzClKh0,True,True,False,False,False,True,False,osn2rzClKh0,youtube#video,py-2akCIHntzH0qk1zcbz8fPALM,162.0,0.0,0.0,0.0,0.0,2013-09-01T03:53:33Z,"2007 Super Bowl Commercials   Bud Light, Apes",,,Iulian Craciun,22.0,214,compound,0.0
2005,Pepsi,https://superbowl-ads.com/2005-diet-pepsi-hot-guy/,https://www.youtube.com/watch?v=bHY2miRSwh4,True,False,False,True,False,False,True,bHY2miRSwh4,youtube#video,M1_Np0byezSGdDBHETKSvWHN6MM,293.0,3.0,0.0,0.0,0.0,2017-12-03T11:46:01Z,"Diet Pepsi - Guy Watcher (with Carson and Cindy, 2005)","The follow up to the original Cindy Crawford spot. With guest star, Carson Kressley gawking at the hunk.

Read my article on Pepsi's Marketing the Rainbow here: https://marketingtherainbow.info/case%20studies/cs%20fmcg/pepsi

PepsiCo has been the target of boycotts from the conservatives for their diversity. Read my article on boycotts here: https://marketingtherainbow.info/case%20studies/boycotts",,Alfred Verhoeven,1.0,215,compound,-0.3612
2015,Budweiser,https://superbowl-ads.com/2015-budweiser-lost-dog/,https://www.youtube.com/watch?v=otCxSnu_HXA,False,True,True,False,True,True,False,otCxSnu_HXA,youtube#video,0TFrevl9ZJI0lwE96ecoHgkB3xs,491630.0,2327.0,37.0,0.0,104.0,2015-02-01T04:04:01Z,2015 Budweiser Super Bowl XLIX Commercial Lost Dog Puppy BestBuds  TV Ad Spot,2015 Budweiser Super Bowl XLIX Commercial Lost Dog Puppy BestBuds  TV Ad Spot,https://i.ytimg.com/vi/otCxSnu_HXA/sddefault.jpg,Michelle Priddy,23.0,216,compound,0.3818
2019,Bud Light,https://superbowl-ads.com/2019-bud-light-game-of-thrones-joust/,https://www.youtube.com/watch?v=8fhOItB0zUM,True,True,False,False,True,True,False,8fhOItB0zUM,youtube#video,BL1BFgL0J6Hx8g-KxB3ri8VQTb0,7658201.0,94799.0,12789.0,0.0,7431.0,2019-02-04T00:19:31Z,Game of Thrones X Bud Light | Official Super Bowl LIII Ad | Extended Version | HBO,"The Bud Knight’s watch has ended.  What will you do #ForTheThrone?
Watch an extended version of the official Game of Thrones X Bud Light Super Bowl LIII ad.",https://i.ytimg.com/vi/8fhOItB0zUM/sddefault.jpg,GameofThrones,1.0,217,compound,0.5994
2004,Bud Light,https://superbowl-ads.com/2004-bud-light-cedric-gets-massage/,https://www.youtube.com/watch?v=gWqR28uRxXw,True,True,False,True,False,False,True,gWqR28uRxXw,youtube#video,TA49n6VWTfK_cpVRiRCbB7mR5dU,39730.0,37.0,1.0,0.0,1.0,2008-03-13T22:10:13Z,Bud Light: Spa,"Cedric the Entertainer goes to a spa for a body treatment.  Unfortanetly, while he is distracted by Bud Light, he gets the wrong kind of treatment.",,BeerEntertainment,24.0,218,compound,-0.4404
2003,Budweiser,https://superbowl-ads.com/2003-budweiser-roommate/,https://www.youtube.com/watch?v=R67qcUIbFhs,True,False,False,False,False,False,True,R67qcUIbFhs,youtube#video,OjsHNLIdoNXydn9xW7CB9UbON3M,21813.0,10.0,0.0,0.0,0.0,2011-09-14T19:52:36Z,Budweiser Ad Spot: Roommate,,,lecadvertising,22.0,219,compound,0.0
2009,E-Trade,https://superbowl-ads.com/2009-etrade-talking-baby/,https://www.youtube.com/watch?v=PlqWRADszb0,True,True,False,False,False,False,False,PlqWRADszb0,youtube#video,_uIURtgElUHdxot-YyUy1i2bDZM,358142.0,763.0,24.0,0.0,51.0,2009-02-02T03:46:14Z,ETRADE BABY Superbowl 43 XLIII Commercial,The Baby is at it again and this time he has a friend.,,SuperBowlSammy,24.0,220,compound,0.4939
2013,Pepsi,https://superbowl-ads.com/video-2013-pepsi-next-super-bowl-xlvii-commercial-party/,https://www.youtube.com/watch?v=WAySopBmbtI,True,False,False,False,False,False,True,WAySopBmbtI,youtube#video,1WWYZ2GMv3dbSfcXw2GskXaIrGU,987.0,2.0,0.0,0.0,0.0,2013-02-05T01:38:13Z,Pepsi Super Bowl Commercial TV AD 2013 Party HD,Funny stuff,https://i.ytimg.com/vi/WAySopBmbtI/sddefault.jpg,TheNewsthatmatters1,22.0,221,compound,0.4404
2004,Budweiser,https://superbowl-ads.com/2004-budweiser-lipstick/,https://www.youtube.com/watch?v=zM4rU4jit5k,True,False,False,True,False,True,True,zM4rU4jit5k,youtube#video,vlKXZqvd0qVoSi4_XPJeB2JFiwA,88458.0,351.0,6.0,0.0,30.0,2009-04-22T05:43:25Z,Budweiser Dale Earnhardt Jr Forgotten Lipstick Commercial,This is one of the best Dale Earnhardt Jr Budweiser Commercials I have seen. You will want to see it over and over. This is from 2004.,,MusicLuvr76,24.0,222,compound,0.6705
2009,Hynudai,https://superbowl-ads.com/2009-hyundai-assurance-contract/,https://www.youtube.com/watch?v=lzQ2NeqjYS0,False,True,False,False,False,False,False,lzQ2NeqjYS0,youtube#video,Cs9q2g8NBFTbDA5X0Ju5L8B8mc0,7253.0,6.0,1.0,0.0,0.0,2009-02-07T21:50:32Z,Hyundai Assurance Super Bowl Ad [HQ],Hyundai Assurance Superbowl commercial,,Nenor,24.0,223,compound,0.34
2014,Budweiser,https://superbowl-ads.com/2014-budweiser-puppy-love/,https://www.youtube.com/watch?v=gUGGepL5gGU,False,False,True,False,False,True,False,gUGGepL5gGU,youtube#video,tv3FLklLp0OIfInMkg21iRMLbyI,81183.0,232.0,38.0,0.0,10.0,2014-01-31T18:59:10Z,"Budweiser Puppy Commercial - Budweiser super bowl commercial 2014 ""Puppy love"" [EXTENDED]","Get Free Bitcoin http://satoshico.in/freebitcoin
Beer brewing in Budweis dates back to the 13th century. A few hundred years later, two breweries were founded in the city that made beer which they called ""Budweiser,"" both being beers from the city of Budweis, which was then a part of the Kingdom of Bohemia. In 1876, the American brewer Anheuser-Busch began making a beer which it also called ""Budweiser"". This led in 1907 to the ""Budweiser trademark dispute"" between beer companies claiming trademark rights to the name ""Budweiser"".",https://i.ytimg.com/vi/gUGGepL5gGU/sddefault.jpg,Sherwood Forest,24.0,224,compound,0.1531
2003,Pepsi,https://superbowl-ads.com/2003-pepsi-twist-osbornes/,https://www.youtube.com/watch?v=dnHEqQGl0yA,True,True,False,True,False,False,False,dnHEqQGl0yA,youtube#video,pnuT8j-pPIsc7FX5iLkvHFSIniA,35779.0,,,0.0,,2010-04-20T17:56:51Z,Pepsi Twist Commercial (Feat. Osmonds & Osbournes), ,,Donny Osmond,24.0,225,compound,0.0
2015,Coca-Cola,https://superbowl-ads.com/2015-coca-cola-make-it-happy/,https://www.youtube.com/watch?v=1AeG8tCzTGw,False,False,False,False,False,False,False,1AeG8tCzTGw,youtube#video,oFFQwCqnaiHWAcUNzZ5C0cxiKOA,48617.0,331.0,18.0,0.0,42.0,2015-02-02T00:15:48Z,Coca-Cola: 'Make It Happy',Coca-Cola imagines a world with a lot more positivity.,https://i.ytimg.com/vi/1AeG8tCzTGw/sddefault.jpg,USA TODAY Sports,22.0,226,compound,0.5563
2003,NFL,https://superbowl-ads.com/2003-nfl-crazy-with-don-cheadle/,https://www.youtube.com/watch?v=Bs0Iwwl-5Lk,False,False,False,True,False,False,False,Bs0Iwwl-5Lk,youtube#video,mP3H3YHNjyKq2H2O72-sbVr4gIg,18670.0,42.0,1.0,0.0,4.0,2009-01-29T16:38:52Z,NFL- Crazy, ,,joel arzu,25.0,227,compound,0.0
2012,Doritos,https://superbowl-ads.com/2012-doritos-sling-baby/,https://www.youtube.com/watch?v=6SWNLDdnz0A,True,True,False,False,False,False,False,6SWNLDdnz0A,youtube#video,BB4lUj_1vsbD0I0kNQ_DdZovEcw,176373378.0,275362.0,92990.0,0.0,1234.0,2013-04-12T22:49:58Z,Doritos Sling Baby,"Top ad of the 2012 Super Bowl according to USA Today Ad Meter
Rated Most Memorable Super Bowl ad of 2012 by Nielsen
Rated Best-Liked Super Bowl ad of 2012 by Nielsen",https://i.ytimg.com/vi/6SWNLDdnz0A/sddefault.jpg,Madison McQueen,25.0,228,compound,0.926
2002,Pepsi,https://superbowl-ads.com/2002-pepsi-generations-with-britney-spears/,https://www.youtube.com/watch?v=TG4giyL-4Sk,False,True,False,True,False,False,True,TG4giyL-4Sk,youtube#video,kh2HNSNS2AZUsuoj1O8zNKv0mT0,385777.0,5929.0,73.0,0.0,261.0,2017-05-31T19:28:56Z,Britney Spears - Pepsi Now and Then Commercial [HD Master],"Britney Spears 2001 ""Now and Then"" Pepsi commercial.

 Check out http://www.britney-online.net for more.

DISCLAIMER: I do not own the video(s) nor the song(s) used here, this is for promotional and entertainment purposes only. No copyright infringement intended.",https://i.ytimg.com/vi/TG4giyL-4Sk/sddefault.jpg,Britney Online,10.0,229,compound,-0.3612
2002,Bud Light,https://superbowl-ads.com/2002-bud-light-cedric-advice/,https://www.youtube.com/watch?v=OfLLLnAngZI,True,True,False,True,True,False,True,OfLLLnAngZI,youtube#video,TRNRaVOJ_3gX4O-33tN8pZ38Xi8,4641.0,19.0,0.0,0.0,2.0,2017-12-27T08:00:03Z,Bud Light - Cedric the entertainer Superbowl XXXVI Commercial 2002,Hilarious Commercial when they were actually funny...,https://i.ytimg.com/vi/OfLLLnAngZI/sddefault.jpg,Unknown Classics!,24.0,230,compound,0.4019
2000,Budweiser,https://superbowl-ads.com/2000-budweiser-whaasup/,https://www.youtube.com/watch?v=JJmqCKtJnxM,True,True,False,False,False,False,False,JJmqCKtJnxM,youtube#video,THIZqh9jJtF3vtuOg4SVU2QGGck,3624622.0,24840.0,521.0,0.0,1498.0,2006-09-30T13:00:17Z,budweiser wassup commercial,original budweiser wassup commercial,,simongir,23.0,231,compound,0.3182
2001,Bud Light,https://superbowl-ads.com/2001-bud-light-cedric-the-entertainer/,https://www.youtube.com/watch?v=h-HHbtwX5vY,True,False,False,True,False,False,True,h-HHbtwX5vY,youtube#video,W0otxUI9vBWNL62hiVZ09imiM6o,998.0,3.0,0.0,0.0,0.0,2013-01-29T21:49:04Z,Bud Light - Cedric Date,Cedric the Entertainer gets a little too excited when Bud Light enters the equation!,https://i.ytimg.com/vi/h-HHbtwX5vY/sddefault.jpg,SuperBowlsSpots,22.0,232,compound,0.6141
2013,Hynudai,https://superbowl-ads.com/video-2013-hyundai-genesis-super-bowl-xlvii-commercial/,https://www.youtube.com/watch?v=mOatp4Xi7IU,False,True,False,False,False,False,False,mOatp4Xi7IU,youtube#video,bqByguGHPO4wrFEMUugHwJ7iwX4,1190.0,5.0,0.0,0.0,0.0,2013-02-04T04:41:49Z,2013 Hyundai Genesis Super Bowl 2013 Commercial 'Excited',"Hyundai 2013 Super Bowl XLVII commercial - ""Excited""",https://i.ytimg.com/vi/mOatp4Xi7IU/sddefault.jpg,World Hyundai Matteson,2.0,233,compound,0.5994
2015,Toyota,https://superbowl-ads.com/toyota-camry-2015-super-bowl-xlix-ad-my-bold-dad/,https://www.youtube.com/watch?v=9u4--TxE2gI,False,True,True,False,False,False,False,9u4--TxE2gI,youtube#video,uoyZ3mLiRcFWPv9JibFW7S6Unlk,32091.0,266.0,6.0,0.0,15.0,2015-03-03T14:00:00Z,New Toyota Camry - My Bold Dad | Commercial USA 2015,"Obrigado por assistirem, se gostaram do vídeo cliquem em gostei, se quiserem assistir mais vídeos sobre carros, inscrevam-se no canal. 

Tem vídeo novo todas as terças às 11h (Só Comerciais)! 

Quer assistir comparativos de carros, então acesse:
www.youtube.com/GVComparativos 

Você gosta de sociologia, acesse esse site:
www.discussaosociologica.blogspot.com.br 

O Senhor não nos deixa esquecer as suas maravilhas; ele é bondoso e compassivo. Salmo 111,4",https://i.ytimg.com/vi/9u4--TxE2gI/sddefault.jpg,Gustavo Mendonça Land,2.0,234,compound,-0.3595
2000,Budweiser,https://superbowl-ads.com/2000-budweiser-rex/,https://www.youtube.com/watch?v=GgXsLHifz9k,True,False,False,False,True,True,False,GgXsLHifz9k,youtube#video,-Qod93J87gd0inY432fL_iEZnOM,111442.0,163.0,5.0,0.0,8.0,2008-03-10T02:23:56Z,Super Bowl XXXIV Commercial. Budweiser. The Dog Star.,Another funny classic by Budweiser,,maXXXXXpower,10.0,235,compound,0.4404
2001,Doritos,https://superbowl-ads.com/2001-doritos-ali-landry/,https://www.youtube.com/watch?v=xbrvsJZSxok,True,True,False,True,False,False,True,xbrvsJZSxok,youtube#video,uzT5PmSYuZENH806sbj8ByJWCrI,2985.0,15.0,0.0,0.0,1.0,2017-06-13T23:50:34Z,Dorrito's featuring Ali Landry Television Commercial 2001 Tennis,"Dorrito's featuring Ali Landry Television Commercial 2001 Tennis

Doritos (/dəˈriːtoʊz/) is a brand of flavored tortilla chips produced since 1964 by American food company Frito-Lay (a wholly owned subsidiary of PepsiCo).[1",https://i.ytimg.com/vi/xbrvsJZSxok/sddefault.jpg,Analog Memories,24.0,236,compound,0.0
2016,Doritos,https://superbowl-ads.com/doritos-2016-super-bowl-50-ad-doritos-dogs/,https://www.youtube.com/watch?v=MNRAdrB9TSs,True,True,False,False,False,True,False,MNRAdrB9TSs,youtube#video,oRq1LcyRmj-nB8rjnZHCiNVYfHI,1214968.0,2534.0,60.0,0.0,226.0,2015-11-15T20:53:00Z,Doritos Dogs - Crash the Super Bowl 2016 WINNER OFFICIAL,"Doritos Crash the Super Bowl 2016 WINNER. Starring Miz, Bolt, and Logan - three very talented rescue dogs. Director/Writer: Jacob Chase, Producer/Writer: Travis Braun

Director of Photography: Danny Grunes",https://i.ytimg.com/vi/MNRAdrB9TSs/sddefault.jpg,Doritos Dogs,24.0,237,compound,0.9212
2008,Bud Light,https://superbowl-ads.com/2008-bud-light-ability-to-fly/,https://www.youtube.com/watch?v=-axbiEJiRGw,True,True,False,False,False,False,False,-axbiEJiRGw,youtube#video,6DC3HkDPAasvuaZPoet-2XN-QAE,9335.0,12.0,1.0,0.0,1.0,2008-02-04T20:04:33Z,"New Super Bowl Commercial 2008 -  Bud Light: ""Ability to Fly","Superbowl Ads - Bud Light: ""Ability to Fly""

Watch more hilarious commercials on 
http://ClearBroadcasting.com",,ClearBroadcasting,17.0,238,compound,0.6478
2007,Doritos,https://superbowl-ads.com/2007-doritos-check-out-girl/,https://www.youtube.com/watch?v=nIcFZzdXSrU,True,True,False,False,False,False,True,nIcFZzdXSrU,youtube#video,6ttpCOZPIwEiSalipE3Qc541nAY,292010.0,244.0,74.0,0.0,52.0,2007-02-05T14:59:51Z,2007 Super Bowl Commercial Doritos Checkout Girl,2007 Super Bowl Commerical for Doritos. Check out girl gets down and dirty with guy. Funny!,,cmetsbeltran15,24.0,239,compound,0.636
2001,NFL,https://superbowl-ads.com/2001-nfl-perfect-day/,,False,False,False,True,False,False,False,,,,,,,,,,,,,,,240,compound,0.0
2001,Pepsi,https://superbowl-ads.com/2001-pepsi-bob-dole/,https://www.youtube.com/watch?v=6h7wifUL8mk,True,False,True,True,False,True,True,6h7wifUL8mk,youtube#video,CiBh4iGZOwof-zsNkQGSnUjzxX8,12106.0,10.0,1.0,0.0,1.0,2012-09-08T20:05:25Z,Pepsi - Bob Dole Super Bowl XXXV 2001, ,,Rtrt67,24.0,241,compound,0.0
2014,NFL,https://superbowl-ads.com/nfl-now/,,False,True,False,False,False,False,False,,,,,,,,,,,,,,,242,compound,0.0
2012,Budweiser,https://superbowl-ads.com/2012-budweiser-eternal-optimism/,https://www.youtube.com/watch?v=_GeiOdHsW_8,False,True,True,False,False,True,True,_GeiOdHsW_8,youtube#video,rcUzd3Zb83QHL4QnNFbvFOuHhIE,220292.0,572.0,100.0,0.0,271.0,2012-02-05T03:27:52Z,"The Cult "" She Sells Sanctuary"" - Budweiser: 'Eternal Optimism' Ad","Budweiser Super Bowl Commercial 2012
Mash-up of ""She Sells Sanctuary"" by The Cult and ""Good Feeling"" by Flo Rida
The one-minute spot is a celebratory romp through several decades of great times in America that begins with the end of Prohibition in 1933 
SACRED SOUL - NEWS PORTAL // ONLINE FANZINE - 100% CULT // 100% FREE - http://www.sacredsoul.us/
Unshamlessly supporting The Cult & Related Experiences! http://www.thecult.us/",https://i.ytimg.com/vi/_GeiOdHsW_8/sddefault.jpg,TheCULTFamily,10.0,243,compound,0.9577
2001,Pepsi,https://superbowl-ads.com/2001-pepsi-kasparov-vs-pepsi-machine/,https://www.youtube.com/watch?v=pldGc0Cpf84,True,False,False,True,True,False,False,pldGc0Cpf84,youtube#video,SsajlgV7Ut16SxbhO18TtwgpeX8,1475.0,14.0,0.0,0.0,2.0,2012-09-08T19:53:53Z,Pepsi - Chessmaster Garry Kasparov Super Bowl XXXV 2001, ,,Rtrt67,24.0,244,compound,0.0
2001,E-Trade,https://superbowl-ads.com/2001-etrade-security-guard/,https://www.youtube.com/watch?v=39BL7iqe6pQ,True,False,False,False,True,False,False,39BL7iqe6pQ,youtube#video,aW5ic7ok1emp8mvzo1yi79Tx3M4,6513.0,12.0,4.0,0.0,3.0,2008-01-11T18:18:39Z,ETrade Commercial - Matrix,Commercial from 2001 for ETrade featuring an awesome old-guy security guard. One of my old favorites.,,edgesmash,23.0,245,compound,0.8519
2001,Budweiser,https://superbowl-ads.com/2001-budweiser-nsync/,https://www.youtube.com/watch?v=H9YdunAo3Ug,False,False,False,True,False,False,False,H9YdunAo3Ug,youtube#video,UT6xHiYn2gS7zZMAmxQw8c3UXZI,77142.0,334.0,4.0,0.0,71.0,2007-12-14T23:33:27Z,NSync - Budweiser Commercial,The 5 guys in an anti-drinking commercial.,,thesilverd0e,24.0,246,compound,0.0
